Div,Date,HomeTeam,AwayTeam,FTHG,FTAG,FTR,HTHG,HTAG,HTR,Referee,HS,AS,HST,AST,HF,AF,HC,AC,HY,AY,HR,AR
E0,2009-08-22,Man City,Wolves,1.0,0.0,H,1.0,0.0,H,L Mason,16.0,10.0,11.0,2.0,7.0,11.0,5.0,6.0,0.0,1.0,0.0,0.0
E0,2009-09-12,Man City,Arsenal,4.0,2.0,H,1.0,0.0,H,M Clattenburg,10.0,19.0,6.0,9.0,13.0,12.0,3.0,12.0,3.0,2.0,0.0,0.0
E0,2009-09-28,Man City,West Ham,3.0,1.0,H,2.0,1.0,H,C Foy,20.0,12.0,12.0,8.0,18.0,14.0,11.0,5.0,1.0,1.0,0.0,0.0
E0,2009-10-25,Man City,Fulham,2.0,2.0,D,0.0,0.0,D,K Friend,20.0,11.0,7.0,5.0,11.0,12.0,14.0,2.0,0.0,2.0,0.0,0.0
E0,2009-11-07,Man City,Burnley,3.0,3.0,D,1.0,2.0,A,S Attwell,13.0,6.0,8.0,4.0,10.0,11.0,8.0,3.0,1.0,3.0,0.0,0.0
E0,2009-11-28,Man City,Hull,1.0,1.0,D,1.0,0.0,H,L Probert,17.0,8.0,7.0,3.0,14.0,12.0,8.0,2.0,1.0,3.0,0.0,0.0
E0,2009-12-05,Man City,Chelsea,2.0,1.0,H,1.0,1.0,D,H Webb,13.0,10.0,8.0,6.0,12.0,17.0,9.0,6.0,1.0,6.0,0.0,0.0
E0,2009-12-19,Man City,Sunderland,4.0,3.0,H,3.0,2.0,H,A Marriner,11.0,7.0,5.0,5.0,13.0,8.0,6.0,4.0,2.0,2.0,0.0,1.0
E0,2009-12-26,Man City,Stoke,2.0,0.0,H,2.0,0.0,H,L Mason,12.0,7.0,6.0,3.0,13.0,10.0,7.0,6.0,0.0,2.0,0.0,0.0
E0,2010-01-11,Man City,Blackburn,4.0,1.0,H,2.0,0.0,H,C Foy,12.0,8.0,6.0,3.0,6.0,10.0,4.0,3.0,1.0,1.0,0.0,0.0
E0,2010-01-31,Man City,Portsmouth,2.0,0.0,H,2.0,0.0,H,M Atkinson,13.0,10.0,6.0,4.0,9.0,14.0,10.0,7.0,1.0,3.0,0.0,0.0
E0,2010-02-09,Man City,Bolton,2.0,0.0,H,1.0,0.0,H,M Jones,8.0,11.0,4.0,5.0,8.0,18.0,6.0,3.0,0.0,2.0,0.0,0.0
E0,2010-02-21,Man City,Liverpool,0.0,0.0,D,0.0,0.0,D,P Walton,4.0,6.0,1.0,2.0,7.0,15.0,8.0,5.0,1.0,6.0,0.0,0.0
E0,2010-03-24,Man City,Everton,0.0,2.0,A,0.0,1.0,A,P Walton,12.0,10.0,5.0,7.0,11.0,10.0,7.0,4.0,3.0,2.0,0.0,0.0
E0,2010-03-29,Man City,Wigan,3.0,0.0,H,0.0,0.0,D,S Attwell,10.0,9.0,8.0,3.0,12.0,13.0,3.0,4.0,3.0,2.0,0.0,1.0
E0,2010-04-11,Man City,Birmingham,5.0,1.0,H,3.0,1.0,H,P Dowd,17.0,5.0,8.0,3.0,12.0,9.0,8.0,4.0,0.0,3.0,0.0,0.0
E0,2010-04-17,Man City,Man United,0.0,1.0,A,0.0,0.0,D,M Atkinson,8.0,13.0,5.0,3.0,8.0,12.0,7.0,5.0,2.0,1.0,0.0,0.0
E0,2010-05-01,Man City,Aston Villa,3.0,1.0,H,2.0,1.0,H,M Clattenburg,17.0,10.0,12.0,6.0,6.0,9.0,13.0,5.0,1.0,2.0,0.0,0.0
E0,2010-05-05,Man City,Tottenham,0.0,1.0,A,0.0,0.0,D,S Bennett,10.0,10.0,5.0,6.0,12.0,14.0,9.0,7.0,0.0,3.0,0.0,0.0
E0,2009-08-15,Blackburn,Man City,0.0,2.0,A,0.0,1.0,A,M Dean,17.0,8.0,9.0,5.0,12.0,9.0,5.0,4.0,2.0,1.0,0.0,0.0
E0,2009-08-30,Portsmouth,Man City,0.0,1.0,A,0.0,1.0,A,H Webb,11.0,12.0,6.0,8.0,12.0,7.0,3.0,11.0,2.0,1.0,0.0,0.0
E0,2009-09-20,Man United,Man City,4.0,3.0,H,1.0,1.0,D,M Atkinson,21.0,10.0,11.0,6.0,15.0,14.0,11.0,1.0,2.0,2.0,0.0,0.0
E0,2009-10-05,Aston Villa,Man City,1.0,1.0,D,1.0,0.0,H,M Dean,12.0,9.0,6.0,7.0,10.0,8.0,6.0,6.0,1.0,2.0,0.0,0.0
E0,2009-10-18,Wigan,Man City,1.0,1.0,D,1.0,0.0,H,A Wiley,13.0,5.0,7.0,4.0,15.0,11.0,6.0,6.0,2.0,1.0,0.0,1.0
E0,2009-11-01,Birmingham,Man City,0.0,0.0,D,0.0,0.0,D,M Dean,7.0,14.0,4.0,6.0,9.0,8.0,4.0,8.0,3.0,1.0,1.0,0.0
E0,2009-11-21,Liverpool,Man City,2.0,2.0,D,0.0,0.0,D,P Dowd,10.0,9.0,6.0,6.0,9.0,13.0,7.0,3.0,2.0,0.0,0.0,0.0
E0,2009-12-12,Bolton,Man City,3.0,3.0,D,2.0,2.0,D,M Clattenburg,12.0,14.0,8.0,6.0,11.0,9.0,5.0,9.0,3.0,3.0,0.0,1.0
E0,2009-12-16,Tottenham,Man City,3.0,0.0,H,1.0,0.0,H,A Wiley,19.0,9.0,7.0,5.0,10.0,8.0,5.0,6.0,2.0,3.0,0.0,0.0
E0,2009-12-28,Wolves,Man City,0.0,3.0,A,0.0,1.0,A,M Jones,11.0,12.0,6.0,5.0,16.0,11.0,8.0,3.0,3.0,2.0,0.0,0.0
E0,2010-01-16,Everton,Man City,2.0,0.0,H,2.0,0.0,H,A Marriner,13.0,8.0,6.0,4.0,14.0,14.0,11.0,3.0,0.0,0.0,0.0,0.0
E0,2010-02-06,Hull,Man City,2.0,1.0,H,1.0,0.0,H,P Dowd,8.0,17.0,4.0,11.0,14.0,14.0,4.0,8.0,2.0,4.0,0.0,0.0
E0,2010-02-16,Stoke,Man City,1.0,1.0,D,0.0,0.0,D,A Wiley,8.0,9.0,5.0,3.0,21.0,14.0,3.0,3.0,3.0,3.0,1.0,0.0
E0,2010-02-27,Chelsea,Man City,2.0,4.0,A,1.0,1.0,D,M Dean,23.0,8.0,13.0,6.0,21.0,12.0,3.0,2.0,3.0,1.0,2.0,0.0
E0,2010-03-14,Sunderland,Man City,1.0,1.0,D,1.0,0.0,H,C Foy,12.0,13.0,7.0,9.0,12.0,10.0,3.0,7.0,2.0,4.0,0.0,0.0
E0,2010-03-21,Fulham,Man City,1.0,2.0,A,0.0,2.0,A,L Probert,10.0,14.0,4.0,9.0,8.0,9.0,4.0,2.0,0.0,0.0,0.0,0.0
E0,2010-04-03,Burnley,Man City,1.0,6.0,A,0.0,5.0,A,A Wiley,14.0,20.0,7.0,14.0,5.0,8.0,6.0,7.0,0.0,0.0,0.0,0.0
E0,2010-04-24,Arsenal,Man City,0.0,0.0,D,0.0,0.0,D,M Dean,9.0,3.0,4.0,2.0,13.0,14.0,5.0,1.0,4.0,2.0,0.0,0.0
E0,2010-05-09,West Ham,Man City,1.0,1.0,D,1.0,1.0,D,H Webb,12.0,17.0,8.0,6.0,12.0,7.0,4.0,3.0,2.0,0.0,0.0,0.0
E0,23/08/10,Man City,Liverpool,3.0,0.0,H,1.0,0.0,H,P Dowd,8.0,13.0,3.0,7.0,13.0,12.0,5.0,4.0,1.0,1.0,0.0,0.0
E0,11/09/10,Man City,Blackburn,1.0,1.0,D,0.0,1.0,A,M Clattenburg,20.0,4.0,14.0,2.0,12.0,10.0,14.0,2.0,2.0,1.0,0.0,0.0
E0,25/09/10,Man City,Chelsea,1.0,0.0,H,0.0,0.0,D,A Marriner,8.0,15.0,6.0,4.0,10.0,12.0,3.0,4.0,2.0,3.0,0.0,0.0
E0,03/10/10,Man City,Newcastle,2.0,1.0,H,1.0,1.0,D,M Atkinson,9.0,8.0,5.0,4.0,11.0,13.0,4.0,4.0,3.0,2.0,0.0,0.0
E0,24/10/10,Man City,Arsenal,0.0,3.0,A,0.0,1.0,A,M Clattenburg,9.0,12.0,6.0,8.0,11.0,10.0,6.0,7.0,2.0,4.0,1.0,0.0
E0,10/11/10,Man City,Man United,0.0,0.0,D,0.0,0.0,D,C Foy,6.0,7.0,4.0,4.0,10.0,12.0,8.0,5.0,0.0,2.0,0.0,0.0
E0,13/11/10,Man City,Birmingham,0.0,0.0,D,0.0,0.0,D,M Jones,21.0,5.0,11.0,3.0,15.0,11.0,6.0,4.0,2.0,0.0,0.0,0.0
E0,04/12/10,Man City,Bolton,1.0,0.0,H,1.0,0.0,H,A Marriner,19.0,7.0,10.0,2.0,12.0,18.0,8.0,8.0,3.0,2.0,1.0,0.0
E0,20/12/10,Man City,Everton,1.0,2.0,A,0.0,2.0,A,P Walton,25.0,4.0,15.0,3.0,8.0,13.0,11.0,0.0,3.0,2.0,1.0,1.0
E0,28/12/10,Man City,Aston Villa,4.0,0.0,H,3.0,0.0,H,M Oliver,11.0,9.0,8.0,4.0,14.0,12.0,8.0,6.0,1.0,2.0,0.0,0.0
E0,01/01/11,Man City,Blackpool,1.0,0.0,H,1.0,0.0,H,M Clattenburg,15.0,8.0,4.0,6.0,11.0,9.0,10.0,4.0,0.0,0.0,0.0,0.0
E0,15/01/11,Man City,Wolves,4.0,3.0,H,1.0,1.0,D,L Mason,15.0,10.0,12.0,7.0,9.0,9.0,11.0,8.0,0.0,0.0,0.0,0.0
E0,05/02/11,Man City,West Brom,3.0,0.0,H,3.0,0.0,H,M Atkinson,13.0,17.0,9.0,9.0,13.0,10.0,8.0,8.0,1.0,2.0,0.0,0.0
E0,27/02/11,Man City,Fulham,1.0,1.0,D,1.0,0.0,H,P Walton,14.0,11.0,4.0,5.0,17.0,13.0,10.0,1.0,1.0,2.0,0.0,0.0
E0,05/03/11,Man City,Wigan,1.0,0.0,H,1.0,0.0,H,S Attwell,7.0,12.0,3.0,5.0,17.0,8.0,4.0,6.0,3.0,1.0,0.0,0.0
E0,03/04/11,Man City,Sunderland,5.0,0.0,H,2.0,0.0,H,H Webb,14.0,8.0,12.0,4.0,9.0,20.0,6.0,5.0,2.0,3.0,0.0,0.0
E0,01/05/11,Man City,West Ham,2.0,1.0,H,2.0,1.0,H,H Webb,19.0,7.0,12.0,4.0,13.0,8.0,8.0,5.0,3.0,1.0,0.0,0.0
E0,10/05/11,Man City,Tottenham,1.0,0.0,H,1.0,0.0,H,M Dean,7.0,14.0,4.0,7.0,7.0,8.0,2.0,8.0,1.0,1.0,0.0,0.0
E0,17/05/11,Man City,Stoke,3.0,0.0,H,1.0,0.0,H,L Probert,16.0,4.0,9.0,2.0,6.0,9.0,4.0,3.0,0.0,3.0,0.0,0.0
E0,14/08/10,Tottenham,Man City,0.0,0.0,D,0.0,0.0,D,A Marriner,22.0,11.0,18.0,7.0,13.0,16.0,10.0,3.0,0.0,2.0,0.0,0.0
E0,29/08/10,Sunderland,Man City,1.0,0.0,H,0.0,0.0,D,M Dean,12.0,9.0,4.0,7.0,5.0,9.0,3.0,7.0,0.0,3.0,0.0,0.0
E0,19/09/10,Wigan,Man City,0.0,2.0,A,0.0,1.0,A,L Probert,9.0,11.0,3.0,5.0,10.0,14.0,3.0,1.0,1.0,2.0,0.0,0.0
E0,17/10/10,Blackpool,Man City,2.0,3.0,A,0.0,0.0,D,P Dowd,16.0,13.0,5.0,8.0,9.0,9.0,3.0,9.0,0.0,2.0,0.0,0.0
E0,30/10/10,Wolves,Man City,2.0,1.0,H,1.0,1.0,D,M Dean,10.0,17.0,6.0,9.0,5.0,14.0,5.0,7.0,1.0,2.0,0.0,0.0
E0,07/11/10,West Brom,Man City,0.0,2.0,A,0.0,2.0,A,L Probert,13.0,9.0,7.0,5.0,15.0,16.0,6.0,1.0,3.0,4.0,1.0,1.0
E0,21/11/10,Fulham,Man City,1.0,4.0,A,0.0,3.0,A,L Mason,9.0,11.0,3.0,8.0,13.0,16.0,7.0,7.0,2.0,1.0,0.0,0.0
E0,27/11/10,Stoke,Man City,1.0,1.0,D,0.0,0.0,D,P Walton,16.0,9.0,9.0,4.0,8.0,10.0,6.0,2.0,2.0,2.0,0.0,0.0
E0,11/12/10,West Ham,Man City,1.0,3.0,A,0.0,1.0,A,P Dowd,13.0,12.0,3.0,7.0,10.0,13.0,2.0,6.0,1.0,3.0,0.0,0.0
E0,26/12/10,Newcastle,Man City,1.0,3.0,A,0.0,2.0,A,C Foy,20.0,9.0,10.0,6.0,7.0,15.0,6.0,3.0,1.0,5.0,0.0,0.0
E0,05/01/11,Arsenal,Man City,0.0,0.0,D,0.0,0.0,D,M Jones,13.0,5.0,8.0,0.0,6.0,12.0,7.0,2.0,0.0,2.0,1.0,1.0
E0,22/01/11,Aston Villa,Man City,1.0,0.0,H,1.0,0.0,H,H Webb,10.0,24.0,8.0,14.0,11.0,11.0,2.0,13.0,1.0,1.0,0.0,0.0
E0,02/02/11,Birmingham,Man City,2.0,2.0,D,1.0,2.0,A,K Friend,14.0,12.0,7.0,9.0,9.0,12.0,6.0,4.0,0.0,2.0,0.0,0.0
E0,12/02/11,Man United,Man City,2.0,1.0,H,1.0,0.0,H,A Marriner,11.0,13.0,6.0,8.0,15.0,13.0,4.0,7.0,2.0,2.0,0.0,0.0
E0,20/03/11,Chelsea,Man City,2.0,0.0,H,0.0,0.0,D,C Foy,16.0,5.0,11.0,2.0,16.0,13.0,5.0,1.0,2.0,5.0,0.0,0.0
E0,11/04/11,Liverpool,Man City,3.0,0.0,H,3.0,0.0,H,M Halsey,15.0,13.0,7.0,4.0,6.0,3.0,6.0,2.0,1.0,0.0,0.0,0.0
E0,25/04/11,Blackburn,Man City,0.0,1.0,A,0.0,0.0,D,A Marriner,12.0,10.0,6.0,5.0,15.0,15.0,4.0,6.0,2.0,3.0,0.0,0.0
E0,07/05/11,Everton,Man City,2.0,1.0,H,0.0,1.0,A,P Dowd,10.0,12.0,6.0,7.0,13.0,15.0,11.0,6.0,4.0,2.0,0.0,0.0
E0,22/05/11,Bolton,Man City,0.0,2.0,A,0.0,1.0,A,C Foy,16.0,16.0,8.0,10.0,11.0,10.0,6.0,5.0,1.0,1.0,1.0,0.0
E0,15/08/11,Man City,Swansea,4.0,0.0,H,0.0,0.0,D,M Dean,26.0,8.0,19.0,5.0,9.0,2.0,7.0,4.0,0.0,0.0,0.0,0.0
E0,10/09/11,Man City,Wigan,3.0,0.0,H,1.0,0.0,H,M Atkinson,23.0,9.0,10.0,5.0,6.0,9.0,8.0,3.0,0.0,0.0,0.0,0.0
E0,24/09/11,Man City,Everton,2.0,0.0,H,0.0,0.0,D,H Webb,18.0,7.0,8.0,3.0,9.0,13.0,7.0,5.0,1.0,5.0,0.0,0.0
E0,15/10/11,Man City,Aston Villa,4.0,1.0,H,1.0,0.0,H,A Taylor,15.0,8.0,10.0,6.0,10.0,6.0,5.0,1.0,1.0,1.0,0.0,0.0
E0,29/10/11,Man City,Wolves,3.0,1.0,H,0.0,0.0,D,S Attwell,18.0,9.0,9.0,2.0,17.0,5.0,5.0,4.0,2.0,1.0,1.0,0.0
E0,19/11/11,Man City,Newcastle,3.0,1.0,H,2.0,0.0,H,C Foy,12.0,10.0,9.0,7.0,10.0,7.0,4.0,5.0,0.0,0.0,0.0,0.0
E0,03/12/11,Man City,Norwich,5.0,1.0,H,1.0,0.0,H,H Webb,21.0,5.0,16.0,2.0,8.0,7.0,12.0,4.0,0.0,1.0,0.0,0.0
E0,18/12/11,Man City,Arsenal,1.0,0.0,H,0.0,0.0,D,P Dowd,15.0,12.0,9.0,8.0,13.0,10.0,4.0,6.0,2.0,3.0,0.0,0.0
E0,21/12/11,Man City,Stoke,3.0,0.0,H,2.0,0.0,H,M Dean,20.0,2.0,16.0,0.0,7.0,5.0,5.0,2.0,2.0,1.0,0.0,0.0
E0,03/01/12,Man City,Liverpool,3.0,0.0,H,2.0,0.0,H,M Jones,10.0,18.0,8.0,10.0,13.0,7.0,5.0,6.0,1.0,2.0,1.0,0.0
E0,22/01/12,Man City,Tottenham,3.0,2.0,H,0.0,0.0,D,H Webb,13.0,12.0,7.0,7.0,7.0,10.0,9.0,4.0,2.0,1.0,0.0,0.0
E0,04/02/12,Man City,Fulham,3.0,0.0,H,2.0,0.0,H,M Dean,16.0,11.0,10.0,8.0,8.0,7.0,4.0,6.0,1.0,3.0,0.0,0.0
E0,25/02/12,Man City,Blackburn,3.0,0.0,H,1.0,0.0,H,M Jones,20.0,2.0,13.0,2.0,6.0,10.0,10.0,3.0,0.0,2.0,0.0,0.0
E0,03/03/12,Man City,Bolton,2.0,0.0,H,1.0,0.0,H,M Clattenburg,23.0,8.0,10.0,5.0,13.0,8.0,7.0,4.0,0.0,0.0,0.0,0.0
E0,21/03/12,Man City,Chelsea,2.0,1.0,H,0.0,0.0,D,M Dean,20.0,6.0,10.0,5.0,8.0,7.0,11.0,4.0,1.0,2.0,0.0,0.0
E0,31/03/12,Man City,Sunderland,3.0,3.0,D,1.0,2.0,A,P Dowd,19.0,8.0,10.0,4.0,11.0,13.0,17.0,5.0,1.0,1.0,0.0,0.0
E0,11/04/12,Man City,West Brom,4.0,0.0,H,1.0,0.0,H,K Friend,17.0,4.0,12.0,1.0,7.0,9.0,6.0,2.0,0.0,0.0,0.0,0.0
E0,30/04/12,Man City,Man United,1.0,0.0,H,1.0,0.0,H,A Marriner,12.0,4.0,5.0,2.0,11.0,14.0,8.0,8.0,3.0,2.0,0.0,0.0
E0,13/05/12,Man City,QPR,3.0,2.0,H,1.0,0.0,H,M Dean,35.0,3.0,24.0,3.0,4.0,6.0,19.0,0.0,1.0,1.0,0.0,1.0
E0,21/08/11,Bolton,Man City,2.0,3.0,A,1.0,2.0,A,M Jones,6.0,17.0,4.0,9.0,19.0,14.0,7.0,8.0,2.0,0.0,0.0,0.0
E0,28/08/11,Tottenham,Man City,1.0,5.0,A,0.0,2.0,A,P Dowd,15.0,22.0,10.0,12.0,11.0,9.0,10.0,5.0,2.0,4.0,0.0,0.0
E0,18/09/11,Fulham,Man City,2.0,2.0,D,0.0,1.0,A,M Clattenburg,14.0,18.0,11.0,11.0,10.0,9.0,6.0,9.0,1.0,1.0,0.0,0.0
E0,01/10/11,Blackburn,Man City,0.0,4.0,A,0.0,0.0,D,P Dowd,5.0,19.0,4.0,12.0,9.0,14.0,4.0,5.0,1.0,1.0,0.0,0.0
E0,23/10/11,Man United,Man City,1.0,6.0,A,0.0,1.0,A,M Clattenburg,12.0,19.0,8.0,12.0,15.0,11.0,7.0,4.0,4.0,4.0,1.0,0.0
E0,05/11/11,QPR,Man City,2.0,3.0,A,1.0,1.0,D,M Atkinson,18.0,16.0,9.0,8.0,5.0,14.0,3.0,1.0,1.0,1.0,0.0,0.0
E0,27/11/11,Liverpool,Man City,1.0,1.0,D,1.0,1.0,D,M Atkinson,17.0,7.0,9.0,3.0,11.0,13.0,8.0,5.0,1.0,4.0,0.0,1.0
E0,12/12/11,Chelsea,Man City,2.0,1.0,H,1.0,1.0,D,M Clattenburg,13.0,7.0,7.0,4.0,11.0,18.0,5.0,1.0,4.0,2.0,0.0,1.0
E0,26/12/11,West Brom,Man City,0.0,0.0,D,0.0,0.0,D,L Mason,7.0,18.0,3.0,9.0,8.0,8.0,5.0,9.0,0.0,1.0,0.0,0.0
E0,01/01/12,Sunderland,Man City,1.0,0.0,H,0.0,0.0,D,K Friend,8.0,25.0,5.0,11.0,7.0,6.0,1.0,10.0,1.0,1.0,0.0,0.0
E0,16/01/12,Wigan,Man City,0.0,1.0,A,0.0,1.0,A,M Atkinson,7.0,12.0,4.0,8.0,16.0,15.0,4.0,5.0,3.0,3.0,0.0,0.0
E0,31/01/12,Everton,Man City,1.0,0.0,H,0.0,0.0,D,P Walton,9.0,17.0,4.0,11.0,12.0,9.0,3.0,9.0,1.0,2.0,0.0,0.0
E0,12/02/12,Aston Villa,Man City,0.0,1.0,A,0.0,0.0,D,M Oliver,9.0,17.0,5.0,10.0,15.0,5.0,5.0,8.0,3.0,0.0,0.0,0.0
E0,11/03/12,Swansea,Man City,1.0,0.0,H,0.0,0.0,D,L Mason,8.0,18.0,5.0,13.0,9.0,14.0,7.0,9.0,0.0,2.0,0.0,0.0
E0,24/03/12,Stoke,Man City,1.0,1.0,D,0.0,0.0,D,H Webb,10.0,16.0,3.0,11.0,15.0,12.0,5.0,7.0,1.0,2.0,0.0,0.0
E0,08/04/12,Arsenal,Man City,1.0,0.0,H,0.0,0.0,D,M Atkinson,12.0,7.0,7.0,2.0,13.0,14.0,7.0,6.0,2.0,4.0,0.0,1.0
E0,14/04/12,Norwich,Man City,1.0,6.0,A,0.0,2.0,A,C Foy,16.0,22.0,8.0,17.0,10.0,5.0,3.0,5.0,1.0,2.0,0.0,0.0
E0,22/04/12,Wolves,Man City,0.0,2.0,A,0.0,1.0,A,L Probert,7.0,17.0,4.0,9.0,6.0,10.0,7.0,4.0,0.0,1.0,0.0,0.0
E0,06/05/12,Newcastle,Man City,0.0,2.0,A,0.0,0.0,D,H Webb,14.0,19.0,9.0,12.0,12.0,7.0,2.0,6.0,4.0,3.0,0.0,0.0
E0,19/08/12,Man City,Southampton,3.0,2.0,H,1.0,0.0,H,H Webb,20.0,9.0,15.0,6.0,4.0,6.0,7.0,3.0,1.0,2.0,0.0,0.0
E0,01/09/12,Man City,QPR,3.0,1.0,H,1.0,0.0,H,C Foy,19.0,9.0,12.0,5.0,12.0,3.0,8.0,3.0,2.0,1.0,0.0,0.0
E0,23/09/12,Man City,Arsenal,1.0,1.0,D,1.0,0.0,H,M Dean,14.0,10.0,10.0,4.0,11.0,7.0,9.0,4.0,1.0,0.0,0.0,0.0
E0,06/10/12,Man City,Sunderland,3.0,0.0,H,1.0,0.0,H,L Probert,26.0,8.0,16.0,6.0,10.0,10.0,15.0,4.0,0.0,3.0,0.0,0.0
E0,27/10/12,Man City,Swansea,1.0,0.0,H,0.0,0.0,D,M Atkinson,10.0,9.0,5.0,5.0,8.0,10.0,3.0,0.0,1.0,2.0,0.0,0.0
E0,11/11/12,Man City,Tottenham,2.0,1.0,H,0.0,1.0,A,M Oliver,16.0,6.0,8.0,2.0,16.0,7.0,8.0,2.0,1.0,2.0,0.0,0.0
E0,17/11/12,Man City,Aston Villa,5.0,0.0,H,1.0,0.0,H,J Moss,21.0,10.0,8.0,8.0,9.0,4.0,9.0,4.0,0.0,1.0,0.0,0.0
E0,01/12/12,Man City,Everton,1.0,1.0,D,1.0,1.0,D,L Probert,9.0,8.0,6.0,5.0,16.0,12.0,5.0,2.0,2.0,1.0,0.0,0.0
E0,09/12/12,Man City,Man United,2.0,3.0,A,0.0,2.0,A,M Atkinson,16.0,8.0,11.0,3.0,11.0,9.0,8.0,2.0,4.0,3.0,0.0,0.0
E0,22/12/12,Man City,Reading,1.0,0.0,H,0.0,0.0,D,M Dean,17.0,6.0,10.0,1.0,11.0,15.0,12.0,3.0,2.0,3.0,0.0,0.0
E0,01/01/13,Man City,Stoke,3.0,0.0,H,1.0,0.0,H,M Oliver,17.0,4.0,9.0,3.0,6.0,9.0,7.0,2.0,2.0,2.0,0.0,0.0
E0,19/01/13,Man City,Fulham,2.0,0.0,H,1.0,0.0,H,J Moss,20.0,3.0,11.0,0.0,12.0,6.0,1.0,2.0,1.0,2.0,0.0,0.0
E0,03/02/13,Man City,Liverpool,2.0,2.0,D,1.0,1.0,D,A Taylor,9.0,21.0,5.0,12.0,14.0,7.0,9.0,10.0,2.0,4.0,0.0,0.0
E0,24/02/13,Man City,Chelsea,2.0,0.0,H,0.0,0.0,D,A Marriner,15.0,4.0,11.0,1.0,19.0,5.0,6.0,6.0,3.0,1.0,0.0,0.0
E0,30/03/13,Man City,Newcastle,4.0,0.0,H,2.0,0.0,H,N Swarbrick,19.0,5.0,11.0,1.0,6.0,8.0,9.0,2.0,0.0,2.0,0.0,0.0
E0,17/04/13,Man City,Wigan,1.0,0.0,H,0.0,0.0,D,J Moss,10.0,8.0,4.0,6.0,12.0,5.0,5.0,4.0,2.0,1.0,0.0,0.0
E0,27/04/13,Man City,West Ham,2.0,1.0,H,1.0,0.0,H,H Webb,16.0,9.0,10.0,6.0,9.0,7.0,9.0,4.0,1.0,3.0,0.0,0.0
E0,07/05/13,Man City,West Brom,1.0,0.0,H,1.0,0.0,H,P Dowd,21.0,20.0,9.0,11.0,10.0,9.0,6.0,8.0,2.0,1.0,0.0,0.0
E0,19/05/13,Man City,Norwich,2.0,3.0,A,1.0,1.0,D,M Halsey,12.0,12.0,5.0,7.0,10.0,8.0,7.0,7.0,1.0,0.0,0.0,0.0
E0,26/08/12,Liverpool,Man City,2.0,2.0,D,1.0,0.0,H,A Marriner,15.0,11.0,8.0,5.0,10.0,7.0,4.0,4.0,1.0,0.0,0.0,0.0
E0,15/09/12,Stoke,Man City,1.0,1.0,D,1.0,1.0,D,M Clattenburg,4.0,15.0,3.0,11.0,12.0,12.0,6.0,5.0,0.0,1.0,0.0,0.0
E0,29/09/12,Fulham,Man City,1.0,2.0,A,1.0,1.0,D,M Halsey,7.0,21.0,3.0,12.0,7.0,12.0,2.0,4.0,0.0,1.0,0.0,0.0
E0,20/10/12,West Brom,Man City,1.0,2.0,A,0.0,0.0,D,M Clattenburg,16.0,21.0,8.0,13.0,11.0,15.0,6.0,9.0,4.0,3.0,0.0,1.0
E0,03/11/12,West Ham,Man City,0.0,0.0,D,0.0,0.0,D,H Webb,6.0,18.0,1.0,8.0,11.0,12.0,3.0,7.0,3.0,0.0,0.0,0.0
E0,25/11/12,Chelsea,Man City,0.0,0.0,D,0.0,0.0,D,C Foy,5.0,11.0,1.0,7.0,9.0,16.0,6.0,11.0,0.0,3.0,0.0,0.0
E0,28/11/12,Wigan,Man City,0.0,2.0,A,0.0,0.0,D,M Halsey,9.0,15.0,4.0,6.0,13.0,12.0,6.0,6.0,1.0,1.0,0.0,0.0
E0,15/12/12,Newcastle,Man City,1.0,3.0,A,0.0,2.0,A,A Marriner,17.0,16.0,8.0,10.0,9.0,16.0,12.0,7.0,3.0,2.0,0.0,0.0
E0,26/12/12,Sunderland,Man City,1.0,0.0,H,0.0,0.0,D,K Friend,12.0,19.0,6.0,12.0,14.0,16.0,3.0,7.0,1.0,3.0,0.0,0.0
E0,29/12/12,Norwich,Man City,3.0,4.0,A,1.0,2.0,A,M Jones,13.0,13.0,8.0,9.0,8.0,10.0,4.0,9.0,3.0,1.0,0.0,1.0
E0,13/01/13,Arsenal,Man City,0.0,2.0,A,0.0,2.0,A,M Dean,9.0,16.0,4.0,9.0,11.0,18.0,2.0,7.0,2.0,4.0,1.0,1.0
E0,29/01/13,QPR,Man City,0.0,0.0,D,0.0,0.0,D,P Dowd,5.0,15.0,3.0,7.0,9.0,9.0,2.0,10.0,2.0,2.0,0.0,0.0
E0,09/02/13,Southampton,Man City,3.0,1.0,H,2.0,1.0,H,M Atkinson,13.0,7.0,7.0,4.0,9.0,13.0,6.0,6.0,1.0,2.0,0.0,0.0
E0,04/03/13,Aston Villa,Man City,0.0,1.0,A,0.0,1.0,A,M Dean,10.0,20.0,5.0,12.0,10.0,14.0,6.0,5.0,2.0,0.0,0.0,0.0
E0,16/03/13,Everton,Man City,2.0,0.0,H,1.0,0.0,H,L Probert,11.0,17.0,5.0,11.0,15.0,10.0,13.0,6.0,4.0,3.0,1.0,0.0
E0,08/04/13,Man United,Man City,1.0,2.0,A,0.0,0.0,D,M Dean,16.0,9.0,7.0,5.0,13.0,18.0,9.0,4.0,3.0,5.0,0.0,0.0
E0,21/04/13,Tottenham,Man City,3.0,1.0,H,0.0,1.0,A,L Mason,11.0,11.0,8.0,7.0,11.0,10.0,4.0,5.0,3.0,3.0,0.0,0.0
E0,04/05/13,Swansea,Man City,0.0,0.0,D,0.0,0.0,D,M Jones,7.0,12.0,1.0,8.0,9.0,10.0,4.0,4.0,0.0,0.0,0.0,0.0
E0,14/05/13,Reading,Man City,0.0,2.0,A,0.0,1.0,A,M Atkinson,11.0,27.0,7.0,20.0,6.0,7.0,4.0,10.0,0.0,1.0,0.0,0.0
E0,19/08/13,Man City,Newcastle,4.0,0.0,H,2.0,0.0,H,A Marriner,20.0,5.0,11.0,1.0,9.0,7.0,8.0,1.0,2.0,3.0,0.0,1.0
E0,31/08/13,Man City,Hull,2.0,0.0,H,0.0,0.0,D,P Dowd,12.0,7.0,6.0,2.0,15.0,14.0,7.0,4.0,2.0,3.0,0.0,0.0
E0,22/09/13,Man City,Man United,4.0,1.0,H,2.0,0.0,H,H Webb,18.0,14.0,5.0,3.0,8.0,12.0,8.0,4.0,1.0,2.0,0.0,0.0
E0,05/10/13,Man City,Everton,3.0,1.0,H,2.0,1.0,H,J Moss,12.0,6.0,6.0,4.0,15.0,10.0,8.0,1.0,5.0,4.0,0.0,0.0
E0,02/11/13,Man City,Norwich,7.0,0.0,H,4.0,0.0,H,P Dowd,27.0,7.0,9.0,1.0,6.0,9.0,10.0,3.0,1.0,1.0,0.0,0.0
E0,24/11/13,Man City,Tottenham,6.0,0.0,H,3.0,0.0,H,M Atkinson,15.0,13.0,10.0,5.0,7.0,11.0,4.0,7.0,1.0,3.0,0.0,0.0
E0,01/12/13,Man City,Swansea,3.0,0.0,H,1.0,0.0,H,M Clattenburg,22.0,9.0,7.0,4.0,7.0,8.0,5.0,4.0,1.0,0.0,0.0,0.0
E0,14/12/13,Man City,Arsenal,6.0,3.0,H,2.0,1.0,H,M Atkinson,22.0,12.0,7.0,6.0,12.0,6.0,8.0,8.0,2.0,1.0,0.0,0.0
E0,26/12/13,Man City,Liverpool,2.0,1.0,H,2.0,1.0,H,L Mason,20.0,12.0,6.0,5.0,10.0,9.0,7.0,6.0,1.0,3.0,0.0,0.0
E0,28/12/13,Man City,Crystal Palace,1.0,0.0,H,0.0,0.0,D,A Marriner,23.0,9.0,4.0,4.0,12.0,7.0,12.0,5.0,1.0,1.0,0.0,0.0
E0,18/01/14,Man City,Cardiff,4.0,2.0,H,2.0,1.0,H,N Swarbrick,24.0,7.0,9.0,6.0,6.0,5.0,10.0,7.0,2.0,0.0,0.0,0.0
E0,03/02/14,Man City,Chelsea,0.0,1.0,A,0.0,1.0,A,M Dean,25.0,18.0,3.0,6.0,11.0,13.0,12.0,6.0,3.0,3.0,0.0,0.0
E0,22/02/14,Man City,Stoke,1.0,0.0,H,0.0,0.0,D,C Foy,19.0,7.0,7.0,2.0,16.0,13.0,8.0,3.0,3.0,1.0,0.0,0.0
E0,22/03/14,Man City,Fulham,5.0,0.0,H,1.0,0.0,H,J Moss,22.0,6.0,12.0,0.0,8.0,15.0,13.0,2.0,0.0,3.0,0.0,1.0
E0,05/04/14,Man City,Southampton,4.0,1.0,H,3.0,1.0,H,C Foy,15.0,5.0,8.0,1.0,9.0,15.0,5.0,9.0,3.0,0.0,0.0,0.0
E0,16/04/14,Man City,Sunderland,2.0,2.0,D,1.0,0.0,H,M Atkinson,16.0,11.0,4.0,3.0,14.0,10.0,3.0,6.0,1.0,2.0,0.0,0.0
E0,21/04/14,Man City,West Brom,3.0,1.0,H,3.0,1.0,H,P Dowd,19.0,10.0,6.0,3.0,9.0,7.0,8.0,2.0,1.0,1.0,0.0,0.0
E0,07/05/14,Man City,Aston Villa,4.0,0.0,H,0.0,0.0,D,M Oliver,18.0,5.0,9.0,0.0,8.0,9.0,7.0,2.0,1.0,2.0,0.0,0.0
E0,11/05/14,Man City,West Ham,2.0,0.0,H,1.0,0.0,H,M Atkinson,28.0,3.0,7.0,0.0,7.0,9.0,12.0,1.0,2.0,2.0,0.0,0.0
E0,25/08/13,Cardiff,Man City,3.0,2.0,H,0.0,0.0,D,L Probert,9.0,16.0,6.0,5.0,2.0,9.0,3.0,8.0,0.0,0.0,0.0,0.0
E0,14/09/13,Stoke,Man City,0.0,0.0,D,0.0,0.0,D,M Clattenburg,11.0,10.0,3.0,3.0,13.0,11.0,2.0,4.0,1.0,1.0,0.0,0.0
E0,28/09/13,Aston Villa,Man City,3.0,2.0,H,0.0,1.0,A,M Jones,8.0,20.0,4.0,7.0,13.0,9.0,2.0,13.0,1.0,1.0,0.0,0.0
E0,19/10/13,West Ham,Man City,1.0,3.0,A,0.0,1.0,A,M Oliver,11.0,16.0,2.0,9.0,7.0,12.0,5.0,5.0,1.0,2.0,0.0,0.0
E0,27/10/13,Chelsea,Man City,2.0,1.0,H,1.0,0.0,H,H Webb,12.0,15.0,4.0,6.0,11.0,15.0,3.0,6.0,2.0,3.0,0.0,0.0
E0,10/11/13,Sunderland,Man City,1.0,0.0,H,1.0,0.0,H,M Dean,5.0,24.0,2.0,4.0,6.0,13.0,0.0,14.0,0.0,1.0,0.0,0.0
E0,04/12/13,West Brom,Man City,2.0,3.0,A,0.0,2.0,A,C Foy,12.0,15.0,1.0,5.0,8.0,10.0,3.0,3.0,1.0,1.0,0.0,0.0
E0,07/12/13,Southampton,Man City,1.0,1.0,D,1.0,1.0,D,A Taylor,15.0,13.0,4.0,3.0,6.0,9.0,5.0,4.0,0.0,2.0,0.0,0.0
E0,21/12/13,Fulham,Man City,2.0,4.0,A,0.0,2.0,A,K Friend,12.0,17.0,5.0,10.0,7.0,15.0,4.0,4.0,1.0,1.0,0.0,0.0
E0,01/01/14,Swansea,Man City,2.0,3.0,A,1.0,1.0,D,P Dowd,15.0,14.0,4.0,4.0,5.0,10.0,8.0,6.0,2.0,5.0,0.0,0.0
E0,12/01/14,Newcastle,Man City,0.0,2.0,A,0.0,1.0,A,M Jones,13.0,14.0,5.0,6.0,18.0,15.0,5.0,6.0,4.0,2.0,0.0,0.0
E0,29/01/14,Tottenham,Man City,1.0,5.0,A,0.0,1.0,A,A Marriner,4.0,24.0,2.0,10.0,11.0,10.0,3.0,5.0,1.0,4.0,1.0,0.0
E0,08/02/14,Norwich,Man City,0.0,0.0,D,0.0,0.0,D,J Moss,7.0,15.0,2.0,2.0,7.0,6.0,4.0,14.0,2.0,1.0,0.0,0.0
E0,15/03/14,Hull,Man City,0.0,2.0,A,0.0,1.0,A,L Mason,15.0,8.0,5.0,3.0,9.0,14.0,3.0,4.0,2.0,2.0,0.0,1.0
E0,25/03/14,Man United,Man City,0.0,3.0,A,0.0,1.0,A,M Oliver,10.0,13.0,4.0,4.0,12.0,8.0,5.0,8.0,2.0,2.0,0.0,0.0
E0,29/03/14,Arsenal,Man City,1.0,1.0,D,0.0,1.0,A,M Dean,10.0,15.0,3.0,4.0,8.0,11.0,6.0,6.0,1.0,4.0,0.0,0.0
E0,13/04/14,Liverpool,Man City,3.0,2.0,H,2.0,0.0,H,M Clattenburg,10.0,13.0,4.0,5.0,7.0,9.0,7.0,7.0,1.0,3.0,1.0,0.0
E0,27/04/14,Crystal Palace,Man City,0.0,2.0,A,0.0,2.0,A,H Webb,3.0,16.0,2.0,6.0,9.0,10.0,4.0,8.0,3.0,1.0,0.0,0.0
E0,03/05/14,Everton,Man City,2.0,3.0,A,1.0,2.0,A,L Probert,9.0,18.0,4.0,6.0,3.0,9.0,4.0,3.0,0.0,3.0,0.0,0.0
E0,25/08/14,Man City,Liverpool,3.0,1.0,H,1.0,0.0,H,M Oliver,9.0,11.0,4.0,3.0,13.0,7.0,6.0,7.0,1.0,1.0,0.0,0.0
E0,30/08/14,Man City,Stoke,0.0,1.0,A,0.0,0.0,D,L Mason,16.0,7.0,2.0,2.0,14.0,5.0,11.0,4.0,2.0,1.0,0.0,0.0
E0,21/09/14,Man City,Chelsea,1.0,1.0,D,0.0,0.0,D,M Dean,16.0,6.0,4.0,2.0,16.0,12.0,14.0,2.0,3.0,4.0,1.0,0.0
E0,18/10/14,Man City,Tottenham,4.0,1.0,H,2.0,1.0,H,J Moss,20.0,19.0,12.0,7.0,11.0,9.0,3.0,4.0,1.0,2.0,0.0,1.0
E0,02/11/14,Man City,Man United,1.0,0.0,H,0.0,0.0,D,M Oliver,16.0,9.0,6.0,2.0,15.0,9.0,7.0,4.0,3.0,1.0,0.0,1.0
E0,22/11/14,Man City,Swansea,2.0,1.0,H,1.0,1.0,D,N Swarbrick,23.0,8.0,10.0,3.0,13.0,9.0,7.0,3.0,2.0,1.0,0.0,0.0
E0,06/12/14,Man City,Everton,1.0,0.0,H,1.0,0.0,H,A Marriner,19.0,9.0,3.0,2.0,8.0,11.0,11.0,7.0,3.0,3.0,0.0,0.0
E0,20/12/14,Man City,Crystal Palace,3.0,0.0,H,0.0,0.0,D,P Dowd,15.0,6.0,3.0,1.0,17.0,5.0,8.0,6.0,2.0,1.0,0.0,0.0
E0,28/12/14,Man City,Burnley,2.0,2.0,D,2.0,0.0,H,K Friend,17.0,12.0,6.0,3.0,18.0,9.0,10.0,3.0,4.0,1.0,0.0,0.0
E0,01/01/15,Man City,Sunderland,3.0,2.0,H,0.0,0.0,D,R East,32.0,4.0,12.0,4.0,14.0,7.0,10.0,4.0,2.0,3.0,0.0,0.0
E0,18/01/15,Man City,Arsenal,0.0,2.0,A,0.0,1.0,A,M Dean,12.0,9.0,4.0,3.0,12.0,5.0,16.0,3.0,3.0,3.0,0.0,0.0
E0,07/02/15,Man City,Hull,1.0,1.0,D,0.0,1.0,A,J Moss,18.0,7.0,5.0,3.0,9.0,8.0,13.0,1.0,2.0,4.0,0.0,0.0
E0,21/02/15,Man City,Newcastle,5.0,0.0,H,3.0,0.0,H,C Foy,16.0,8.0,9.0,1.0,9.0,8.0,7.0,3.0,3.0,2.0,0.0,0.0
E0,04/03/15,Man City,Leicester,2.0,0.0,H,1.0,0.0,H,R Madley,22.0,6.0,9.0,2.0,11.0,3.0,10.0,3.0,0.0,1.0,0.0,0.0
E0,21/03/15,Man City,West Brom,3.0,0.0,H,2.0,0.0,H,N Swarbrick,43.0,3.0,16.0,0.0,6.0,5.0,9.0,2.0,0.0,0.0,0.0,1.0
E0,19/04/15,Man City,West Ham,2.0,0.0,H,2.0,0.0,H,A Taylor,18.0,9.0,3.0,3.0,10.0,6.0,6.0,3.0,2.0,2.0,0.0,0.0
E0,25/04/15,Man City,Aston Villa,3.0,2.0,H,1.0,0.0,H,M Dean,11.0,13.0,4.0,4.0,13.0,11.0,7.0,6.0,1.0,2.0,0.0,0.0
E0,10/05/15,Man City,QPR,6.0,0.0,H,2.0,0.0,H,M Dean,23.0,9.0,11.0,3.0,12.0,7.0,7.0,4.0,0.0,1.0,0.0,0.0
E0,24/05/15,Man City,Southampton,2.0,0.0,H,1.0,0.0,H,C Foy,15.0,13.0,6.0,4.0,13.0,8.0,8.0,4.0,1.0,1.0,0.0,0.0
E0,17/08/14,Newcastle,Man City,0.0,2.0,A,0.0,1.0,A,M Atkinson,12.0,13.0,0.0,5.0,8.0,11.0,3.0,3.0,1.0,5.0,0.0,0.0
E0,13/09/14,Arsenal,Man City,2.0,2.0,D,0.0,1.0,A,M Clattenburg,15.0,15.0,6.0,8.0,11.0,15.0,0.0,3.0,3.0,4.0,0.0,0.0
E0,27/09/14,Hull,Man City,2.0,4.0,A,2.0,2.0,D,A Taylor,10.0,20.0,5.0,6.0,10.0,6.0,3.0,8.0,0.0,2.0,0.0,0.0
E0,04/10/14,Aston Villa,Man City,0.0,2.0,A,0.0,0.0,D,C Foy,6.0,27.0,1.0,7.0,4.0,6.0,0.0,7.0,0.0,1.0,0.0,0.0
E0,25/10/14,West Ham,Man City,2.0,1.0,H,1.0,0.0,H,M Atkinson,12.0,21.0,4.0,5.0,12.0,14.0,4.0,8.0,2.0,1.0,0.0,0.0
E0,08/11/14,QPR,Man City,2.0,2.0,D,1.0,1.0,D,M Dean,17.0,23.0,4.0,6.0,9.0,10.0,7.0,7.0,4.0,2.0,0.0,0.0
E0,30/11/14,Southampton,Man City,0.0,3.0,A,0.0,0.0,D,M Jones,13.0,15.0,4.0,6.0,10.0,13.0,8.0,6.0,1.0,2.0,0.0,1.0
E0,03/12/14,Sunderland,Man City,1.0,4.0,A,1.0,2.0,A,C Pawson,8.0,15.0,2.0,4.0,9.0,8.0,2.0,0.0,1.0,1.0,0.0,0.0
E0,13/12/14,Leicester,Man City,0.0,1.0,A,0.0,1.0,A,J Moss,7.0,9.0,1.0,4.0,15.0,13.0,8.0,2.0,0.0,2.0,0.0,0.0
E0,26/12/14,West Brom,Man City,1.0,3.0,A,0.0,3.0,A,M Clattenburg,18.0,9.0,6.0,5.0,5.0,9.0,10.0,6.0,0.0,1.0,0.0,0.0
E0,10/01/15,Everton,Man City,1.0,1.0,D,0.0,0.0,D,M Atkinson,11.0,18.0,4.0,2.0,9.0,10.0,4.0,9.0,1.0,2.0,0.0,0.0
E0,31/01/15,Chelsea,Man City,1.0,1.0,D,1.0,1.0,D,M Clattenburg,3.0,10.0,2.0,5.0,12.0,14.0,1.0,4.0,0.0,2.0,0.0,0.0
E0,11/02/15,Stoke,Man City,1.0,4.0,A,1.0,1.0,D,L Mason,17.0,14.0,5.0,8.0,6.0,11.0,3.0,2.0,1.0,2.0,0.0,0.0
E0,01/03/15,Liverpool,Man City,2.0,1.0,H,1.0,1.0,D,M Clattenburg,11.0,8.0,5.0,1.0,8.0,16.0,3.0,0.0,1.0,3.0,0.0,0.0
E0,14/03/15,Burnley,Man City,1.0,0.0,H,0.0,0.0,D,A Marriner,10.0,21.0,4.0,5.0,6.0,9.0,2.0,6.0,2.0,1.0,0.0,0.0
E0,06/04/15,Crystal Palace,Man City,2.0,1.0,H,1.0,0.0,H,M Oliver,5.0,22.0,3.0,4.0,11.0,11.0,4.0,13.0,2.0,1.0,0.0,0.0
E0,12/04/15,Man United,Man City,4.0,2.0,H,2.0,1.0,H,M Clattenburg,11.0,10.0,7.0,3.0,9.0,16.0,1.0,5.0,0.0,3.0,0.0,0.0
E0,03/05/15,Tottenham,Man City,0.0,1.0,A,0.0,1.0,A,A Marriner,21.0,15.0,5.0,4.0,6.0,11.0,8.0,7.0,3.0,4.0,0.0,0.0
E0,17/05/15,Swansea,Man City,2.0,4.0,A,1.0,2.0,A,M Clattenburg,13.0,22.0,9.0,11.0,8.0,8.0,11.0,7.0,0.0,3.0,0.0,0.0
E0,16/08/15,Man City,Chelsea,3.0,0.0,H,1.0,0.0,H,M Atkinson,18.0,10.0,8.0,3.0,19.0,13.0,5.0,1.0,4.0,2.0,0.0,0.0
E0,29/08/15,Man City,Watford,2.0,0.0,H,0.0,0.0,D,M Clattenburg,18.0,7.0,5.0,0.0,9.0,12.0,9.0,3.0,1.0,2.0,0.0,0.0
E0,19/09/15,Man City,West Ham,1.0,2.0,A,1.0,2.0,A,R Madley,27.0,6.0,8.0,3.0,10.0,7.0,16.0,3.0,1.0,2.0,0.0,0.0
E0,03/10/15,Man City,Newcastle,6.0,1.0,H,1.0,1.0,D,K Friend,23.0,6.0,11.0,4.0,13.0,8.0,6.0,3.0,3.0,1.0,0.0,0.0
E0,17/10/15,Man City,Bournemouth,5.0,1.0,H,4.0,1.0,H,M Dean,15.0,5.0,11.0,1.0,11.0,5.0,1.0,7.0,2.0,1.0,0.0,0.0
E0,31/10/15,Man City,Norwich,2.0,1.0,H,0.0,0.0,D,R Madley,21.0,5.0,5.0,3.0,4.0,13.0,12.0,4.0,2.0,2.0,0.0,1.0
E0,21/11/15,Man City,Liverpool,1.0,4.0,A,1.0,3.0,A,J Moss,11.0,14.0,3.0,9.0,5.0,13.0,11.0,5.0,0.0,3.0,0.0,0.0
E0,28/11/15,Man City,Southampton,3.0,1.0,H,2.0,0.0,H,R East,16.0,12.0,9.0,8.0,14.0,11.0,6.0,4.0,2.0,1.0,0.0,0.0
E0,12/12/15,Man City,Swansea,2.0,1.0,H,1.0,0.0,H,R Madley,13.0,13.0,5.0,7.0,13.0,15.0,5.0,5.0,3.0,1.0,0.0,0.0
E0,26/12/15,Man City,Sunderland,4.0,1.0,H,3.0,0.0,H,A Taylor,19.0,11.0,9.0,3.0,10.0,11.0,5.0,1.0,1.0,1.0,0.0,0.0
E0,13/01/16,Man City,Everton,0.0,0.0,D,0.0,0.0,D,R East,22.0,7.0,5.0,2.0,5.0,6.0,12.0,5.0,0.0,1.0,0.0,0.0
E0,16/01/16,Man City,Crystal Palace,4.0,0.0,H,2.0,0.0,H,J Moss,17.0,9.0,4.0,3.0,10.0,11.0,5.0,6.0,0.0,2.0,0.0,0.0
E0,06/02/16,Man City,Leicester,1.0,3.0,A,0.0,1.0,A,A Taylor,22.0,14.0,4.0,7.0,9.0,15.0,11.0,4.0,2.0,2.0,0.0,0.0
E0,14/02/16,Man City,Tottenham,1.0,2.0,A,0.0,0.0,D,M Clattenburg,19.0,6.0,4.0,3.0,12.0,17.0,7.0,1.0,1.0,3.0,0.0,0.0
E0,05/03/16,Man City,Aston Villa,4.0,0.0,H,0.0,0.0,D,L Mason,22.0,2.0,9.0,1.0,10.0,10.0,9.0,1.0,0.0,1.0,0.0,0.0
E0,20/03/16,Man City,Man United,0.0,1.0,A,0.0,1.0,A,M Oliver,26.0,5.0,2.0,3.0,9.0,12.0,11.0,5.0,1.0,1.0,0.0,0.0
E0,09/04/16,Man City,West Brom,2.0,1.0,H,1.0,1.0,D,M Jones,13.0,13.0,4.0,2.0,10.0,7.0,8.0,8.0,0.0,1.0,0.0,0.0
E0,23/04/16,Man City,Stoke,4.0,0.0,H,2.0,0.0,H,R Madley,11.0,14.0,6.0,2.0,8.0,8.0,9.0,4.0,0.0,0.0,0.0,0.0
E0,08/05/16,Man City,Arsenal,2.0,2.0,D,1.0,1.0,D,A Taylor,14.0,5.0,3.0,2.0,16.0,10.0,7.0,2.0,2.0,1.0,0.0,0.0
E0,10/08/15,West Brom,Man City,0.0,3.0,A,0.0,2.0,A,M Dean,9.0,19.0,2.0,7.0,12.0,9.0,6.0,6.0,4.0,1.0,0.0,0.0
E0,23/08/15,Everton,Man City,0.0,2.0,A,0.0,0.0,D,A Taylor,10.0,16.0,1.0,9.0,5.0,7.0,8.0,7.0,0.0,3.0,0.0,0.0
E0,12/09/15,Crystal Palace,Man City,0.0,1.0,A,0.0,0.0,D,M Jones,10.0,21.0,2.0,7.0,13.0,13.0,4.0,4.0,2.0,3.0,0.0,0.0
E0,26/09/15,Tottenham,Man City,4.0,1.0,H,1.0,1.0,D,M Clattenburg,15.0,22.0,8.0,8.0,17.0,6.0,5.0,9.0,5.0,1.0,0.0,0.0
E0,25/10/15,Man United,Man City,0.0,0.0,D,0.0,0.0,D,M Clattenburg,6.0,6.0,1.0,1.0,17.0,13.0,6.0,4.0,2.0,2.0,0.0,0.0
E0,08/11/15,Aston Villa,Man City,0.0,0.0,D,0.0,0.0,D,C Pawson,3.0,13.0,0.0,3.0,7.0,7.0,3.0,8.0,1.0,1.0,0.0,0.0
E0,05/12/15,Stoke,Man City,2.0,0.0,H,2.0,0.0,H,M Atkinson,7.0,11.0,4.0,4.0,9.0,10.0,1.0,6.0,0.0,1.0,0.0,0.0
E0,21/12/15,Arsenal,Man City,2.0,1.0,H,2.0,0.0,H,A Marriner,8.0,20.0,5.0,6.0,5.0,16.0,4.0,8.0,0.0,2.0,0.0,0.0
E0,29/12/15,Leicester,Man City,0.0,0.0,D,0.0,0.0,D,C Pawson,11.0,21.0,4.0,5.0,11.0,8.0,1.0,13.0,1.0,3.0,0.0,0.0
E0,02/01/16,Watford,Man City,1.0,2.0,A,0.0,0.0,D,M Atkinson,11.0,16.0,3.0,5.0,6.0,10.0,4.0,5.0,1.0,0.0,0.0,0.0
E0,23/01/16,West Ham,Man City,2.0,2.0,D,1.0,1.0,D,C Pawson,10.0,16.0,3.0,3.0,11.0,15.0,5.0,2.0,2.0,3.0,0.0,0.0
E0,02/02/16,Sunderland,Man City,0.0,1.0,A,0.0,1.0,A,S Attwell,11.0,6.0,2.0,2.0,6.0,15.0,8.0,4.0,1.0,4.0,0.0,0.0
E0,02/03/16,Liverpool,Man City,3.0,0.0,H,2.0,0.0,H,M Atkinson,11.0,4.0,7.0,2.0,14.0,14.0,3.0,2.0,0.0,1.0,0.0,0.0
E0,12/03/16,Norwich,Man City,0.0,0.0,D,0.0,0.0,D,J Moss,5.0,15.0,0.0,3.0,15.0,10.0,3.0,8.0,3.0,1.0,0.0,0.0
E0,02/04/16,Bournemouth,Man City,0.0,4.0,A,0.0,3.0,A,R Madley,11.0,15.0,2.0,7.0,9.0,8.0,4.0,4.0,0.0,1.0,0.0,0.0
E0,16/04/16,Chelsea,Man City,0.0,3.0,A,0.0,1.0,A,M Dean,11.0,11.0,4.0,8.0,12.0,15.0,11.0,3.0,2.0,3.0,1.0,0.0
E0,19/04/16,Newcastle,Man City,1.0,1.0,D,1.0,1.0,D,K Friend,5.0,9.0,3.0,5.0,13.0,8.0,5.0,3.0,3.0,2.0,0.0,0.0
E0,01/05/16,Southampton,Man City,4.0,2.0,H,2.0,1.0,H,A Marriner,14.0,6.0,7.0,5.0,12.0,9.0,8.0,2.0,2.0,1.0,0.0,0.0
E0,15/05/16,Swansea,Man City,1.0,1.0,D,1.0,1.0,D,M Dean,4.0,18.0,1.0,5.0,4.0,19.0,4.0,4.0,1.0,3.0,0.0,0.0
E0,13/08/16,Man City,Sunderland,2.0,1.0,H,1.0,0.0,H,R Madley,16.0,7.0,4.0,3.0,11.0,14.0,9.0,6.0,1.0,2.0,0.0,0.0
E0,28/08/16,Man City,West Ham,3.0,1.0,H,2.0,0.0,H,A Marriner,22.0,9.0,5.0,2.0,5.0,10.0,5.0,4.0,1.0,3.0,0.0,0.0
E0,17/09/16,Man City,Bournemouth,4.0,0.0,H,2.0,0.0,H,J Moss,20.0,6.0,12.0,2.0,8.0,11.0,5.0,5.0,1.0,1.0,1.0,0.0
E0,15/10/16,Man City,Everton,1.0,1.0,D,0.0,0.0,D,M Oliver,19.0,3.0,8.0,2.0,7.0,9.0,13.0,1.0,0.0,2.0,0.0,0.0
E0,23/10/16,Man City,Southampton,1.0,1.0,D,0.0,1.0,A,M Clattenburg,14.0,6.0,3.0,2.0,11.0,10.0,10.0,3.0,3.0,3.0,0.0,0.0
E0,05/11/16,Man City,Middlesbrough,1.0,1.0,D,1.0,0.0,H,K Friend,25.0,5.0,7.0,3.0,7.0,15.0,8.0,2.0,1.0,3.0,0.0,0.0
E0,03/12/16,Man City,Chelsea,1.0,3.0,A,1.0,0.0,H,A Taylor,14.0,10.0,5.0,4.0,14.0,9.0,9.0,2.0,2.0,3.0,2.0,0.0
E0,14/12/16,Man City,Watford,2.0,0.0,H,1.0,0.0,H,K Friend,13.0,5.0,7.0,2.0,16.0,20.0,5.0,2.0,1.0,2.0,0.0,0.0
E0,18/12/16,Man City,Arsenal,2.0,1.0,H,0.0,1.0,A,M Atkinson,14.0,6.0,5.0,1.0,9.0,13.0,8.0,1.0,4.0,2.0,0.0,0.0
E0,02/01/17,Man City,Burnley,2.0,1.0,H,0.0,0.0,D,L Mason,14.0,11.0,3.0,3.0,11.0,11.0,8.0,8.0,4.0,3.0,1.0,0.0
E0,21/01/17,Man City,Tottenham,2.0,2.0,D,0.0,0.0,D,A Marriner,17.0,6.0,7.0,2.0,10.0,7.0,5.0,4.0,2.0,4.0,0.0,0.0
E0,05/02/17,Man City,Swansea,2.0,1.0,H,1.0,0.0,H,M Dean,17.0,4.0,5.0,2.0,9.0,13.0,10.0,3.0,2.0,3.0,0.0,0.0
E0,08/03/17,Man City,Stoke,0.0,0.0,D,0.0,0.0,D,N Swarbrick,12.0,5.0,1.0,2.0,8.0,11.0,8.0,1.0,1.0,3.0,0.0,0.0
E0,19/03/17,Man City,Liverpool,1.0,1.0,D,0.0,0.0,D,M Oliver,13.0,13.0,3.0,4.0,14.0,7.0,9.0,8.0,3.0,3.0,0.0,0.0
E0,08/04/17,Man City,Hull,3.0,1.0,H,1.0,0.0,H,J Moss,23.0,6.0,7.0,1.0,6.0,8.0,7.0,3.0,0.0,2.0,0.0,0.0
E0,27/04/17,Man City,Man United,0.0,0.0,D,0.0,0.0,D,M Atkinson,19.0,3.0,6.0,1.0,10.0,8.0,7.0,4.0,1.0,0.0,0.0,1.0
E0,06/05/17,Man City,Crystal Palace,5.0,0.0,H,1.0,0.0,H,M Oliver,26.0,5.0,12.0,2.0,12.0,8.0,9.0,3.0,1.0,3.0,0.0,0.0
E0,13/05/17,Man City,Leicester,2.0,1.0,H,2.0,1.0,H,R Madley,17.0,9.0,5.0,4.0,12.0,16.0,9.0,3.0,3.0,3.0,0.0,0.0
E0,16/05/17,Man City,West Brom,3.0,1.0,H,2.0,0.0,H,C Pawson,21.0,5.0,10.0,2.0,8.0,11.0,7.0,1.0,1.0,2.0,0.0,0.0
E0,20/08/16,Stoke,Man City,1.0,4.0,A,0.0,2.0,A,M Dean,8.0,12.0,3.0,6.0,12.0,13.0,7.0,7.0,3.0,4.0,0.0,0.0
E0,10/09/16,Man United,Man City,1.0,2.0,A,1.0,2.0,A,M Clattenburg,14.0,18.0,3.0,6.0,15.0,10.0,4.0,4.0,4.0,2.0,0.0,0.0
E0,24/09/16,Swansea,Man City,1.0,3.0,A,1.0,1.0,D,N Swarbrick,13.0,18.0,5.0,4.0,15.0,9.0,2.0,7.0,2.0,4.0,0.0,0.0
E0,02/10/16,Tottenham,Man City,2.0,0.0,H,2.0,0.0,H,A Marriner,13.0,12.0,7.0,6.0,20.0,10.0,4.0,3.0,2.0,2.0,0.0,0.0
E0,29/10/16,West Brom,Man City,0.0,4.0,A,0.0,2.0,A,L Mason,9.0,21.0,1.0,8.0,17.0,10.0,1.0,7.0,4.0,3.0,0.0,0.0
E0,19/11/16,Crystal Palace,Man City,1.0,2.0,A,0.0,1.0,A,R Madley,9.0,10.0,2.0,4.0,12.0,15.0,2.0,7.0,1.0,2.0,0.0,0.0
E0,26/11/16,Burnley,Man City,1.0,2.0,A,1.0,1.0,D,A Marriner,10.0,21.0,5.0,5.0,5.0,15.0,5.0,8.0,2.0,3.0,0.0,0.0
E0,10/12/16,Leicester,Man City,4.0,2.0,H,3.0,0.0,H,M Oliver,10.0,19.0,6.0,4.0,10.0,7.0,3.0,11.0,2.0,1.0,0.0,0.0
E0,26/12/16,Hull,Man City,0.0,3.0,A,0.0,0.0,D,R Madley,10.0,16.0,3.0,6.0,11.0,14.0,4.0,7.0,1.0,0.0,0.0,0.0
E0,31/12/16,Liverpool,Man City,1.0,0.0,H,1.0,0.0,H,C Pawson,5.0,9.0,1.0,2.0,12.0,12.0,4.0,6.0,2.0,1.0,0.0,0.0
E0,15/01/17,Everton,Man City,4.0,0.0,H,1.0,0.0,H,M Clattenburg,6.0,13.0,4.0,5.0,17.0,7.0,3.0,6.0,2.0,2.0,0.0,0.0
E0,01/02/17,West Ham,Man City,0.0,4.0,A,0.0,3.0,A,K Friend,6.0,11.0,1.0,4.0,11.0,14.0,2.0,4.0,3.0,3.0,0.0,0.0
E0,13/02/17,Bournemouth,Man City,0.0,2.0,A,0.0,1.0,A,N Swarbrick,5.0,17.0,1.0,5.0,8.0,11.0,3.0,7.0,2.0,3.0,0.0,0.0
E0,05/03/17,Sunderland,Man City,0.0,2.0,A,0.0,1.0,A,M Atkinson,11.0,14.0,3.0,7.0,11.0,4.0,6.0,4.0,1.0,0.0,0.0,0.0
E0,02/04/17,Arsenal,Man City,2.0,2.0,D,1.0,2.0,A,A Marriner,8.0,14.0,3.0,5.0,8.0,15.0,3.0,8.0,3.0,2.0,0.0,0.0
E0,05/04/17,Chelsea,Man City,2.0,1.0,H,2.0,1.0,H,M Dean,10.0,17.0,4.0,7.0,10.0,14.0,2.0,9.0,1.0,3.0,0.0,0.0
E0,15/04/17,Southampton,Man City,0.0,3.0,A,0.0,0.0,D,N Swarbrick,8.0,18.0,1.0,5.0,9.0,8.0,3.0,8.0,3.0,0.0,0.0,0.0
E0,30/04/17,Middlesbrough,Man City,2.0,2.0,D,1.0,0.0,H,K Friend,14.0,22.0,6.0,4.0,9.0,9.0,4.0,11.0,4.0,4.0,0.0,0.0
E0,21/05/17,Watford,Man City,0.0,5.0,A,0.0,4.0,A,J Moss,6.0,15.0,3.0,9.0,12.0,10.0,4.0,5.0,1.0,0.0,0.0,0.0
E0,21/08/17,Man City,Everton,1.0,1.0,D,0.0,1.0,A,R Madley,19.0,7.0,6.0,2.0,7.0,9.0,7.0,1.0,1.0,2.0,1.0,1.0
E0,09/09/17,Man City,Liverpool,5.0,0.0,H,2.0,0.0,H,J Moss,13.0,10.0,7.0,3.0,10.0,9.0,8.0,3.0,2.0,2.0,0.0,1.0
E0,23/09/17,Man City,Crystal Palace,5.0,0.0,H,1.0,0.0,H,N Swarbrick,25.0,5.0,9.0,0.0,6.0,7.0,8.0,2.0,3.0,1.0,0.0,0.0
E0,14/10/17,Man City,Stoke,7.0,2.0,H,3.0,1.0,H,C Pawson,20.0,5.0,11.0,1.0,5.0,8.0,5.0,0.0,0.0,1.0,0.0,0.0
E0,21/10/17,Man City,Burnley,3.0,0.0,H,1.0,0.0,H,R East,15.0,6.0,10.0,0.0,10.0,6.0,4.0,5.0,2.0,3.0,0.0,0.0
E0,05/11/17,Man City,Arsenal,3.0,1.0,H,1.0,0.0,H,M Oliver,9.0,6.0,5.0,3.0,15.0,15.0,5.0,5.0,1.0,6.0,0.0,0.0
E0,29/11/17,Man City,Southampton,2.0,1.0,H,0.0,0.0,D,P Tierney,26.0,7.0,12.0,2.0,12.0,11.0,6.0,5.0,1.0,1.0,0.0,0.0
E0,03/12/17,Man City,West Ham,2.0,1.0,H,0.0,1.0,A,M Dean,24.0,7.0,8.0,4.0,5.0,7.0,10.0,4.0,2.0,2.0,0.0,0.0
E0,16/12/17,Man City,Tottenham,4.0,1.0,H,1.0,0.0,H,C Pawson,20.0,7.0,11.0,2.0,13.0,20.0,5.0,1.0,2.0,4.0,0.0,0.0
E0,23/12/17,Man City,Bournemouth,4.0,0.0,H,1.0,0.0,H,M Jones,14.0,5.0,5.0,1.0,8.0,7.0,4.0,6.0,0.0,1.0,0.0,0.0
E0,02/01/18,Man City,Watford,3.0,1.0,H,2.0,0.0,H,L Mason,17.0,7.0,7.0,4.0,8.0,12.0,9.0,1.0,1.0,1.0,0.0,0.0
E0,20/01/18,Man City,Newcastle,3.0,1.0,H,1.0,0.0,H,P Tierney,21.0,6.0,9.0,4.0,5.0,10.0,18.0,0.0,0.0,1.0,0.0,0.0
E0,31/01/18,Man City,West Brom,3.0,0.0,H,1.0,0.0,H,R Madley,19.0,3.0,10.0,1.0,10.0,10.0,9.0,1.0,1.0,3.0,0.0,0.0
E0,10/02/18,Man City,Leicester,5.0,1.0,H,1.0,1.0,D,M Jones,19.0,2.0,11.0,2.0,10.0,12.0,8.0,2.0,2.0,3.0,0.0,0.0
E0,04/03/18,Man City,Chelsea,1.0,0.0,H,0.0,0.0,D,M Oliver,13.0,3.0,3.0,0.0,8.0,9.0,5.0,2.0,2.0,1.0,0.0,0.0
E0,07/04/18,Man City,Man United,2.0,3.0,A,2.0,0.0,H,M Atkinson,20.0,5.0,6.0,4.0,17.0,9.0,8.0,4.0,6.0,3.0,0.0,0.0
E0,22/04/18,Man City,Swansea,5.0,0.0,H,2.0,0.0,H,C Pawson,19.0,4.0,12.0,1.0,6.0,8.0,5.0,1.0,0.0,1.0,0.0,0.0
E0,06/05/18,Man City,Huddersfield,0.0,0.0,D,0.0,0.0,D,M Dean,15.0,5.0,2.0,3.0,9.0,4.0,10.0,1.0,0.0,3.0,0.0,0.0
E0,09/05/18,Man City,Brighton,3.0,1.0,H,2.0,1.0,H,P Tierney,19.0,6.0,7.0,3.0,5.0,7.0,4.0,3.0,0.0,1.0,0.0,0.0
E0,12/08/17,Brighton,Man City,0.0,2.0,A,0.0,0.0,D,M Oliver,6.0,14.0,2.0,4.0,6.0,9.0,3.0,10.0,0.0,2.0,0.0,0.0
E0,26/08/17,Bournemouth,Man City,1.0,2.0,A,1.0,1.0,D,M Dean,9.0,19.0,3.0,8.0,13.0,14.0,2.0,5.0,5.0,4.0,0.0,1.0
E0,16/09/17,Watford,Man City,0.0,6.0,A,0.0,3.0,A,A Taylor,7.0,28.0,1.0,10.0,8.0,6.0,3.0,11.0,2.0,0.0,0.0,0.0
E0,30/09/17,Chelsea,Man City,0.0,1.0,A,0.0,0.0,D,M Atkinson,4.0,17.0,2.0,6.0,8.0,13.0,4.0,8.0,0.0,2.0,0.0,0.0
E0,28/10/17,West Brom,Man City,2.0,3.0,A,1.0,2.0,A,M Jones,6.0,15.0,4.0,5.0,10.0,7.0,1.0,2.0,2.0,3.0,0.0,0.0
E0,18/11/17,Leicester,Man City,0.0,2.0,A,0.0,1.0,A,G Scott,2.0,12.0,0.0,4.0,8.0,10.0,1.0,7.0,1.0,1.0,0.0,0.0
E0,26/11/17,Huddersfield,Man City,1.0,2.0,A,1.0,0.0,H,C Pawson,4.0,14.0,0.0,5.0,10.0,10.0,3.0,7.0,2.0,3.0,1.0,0.0
E0,10/12/17,Man United,Man City,1.0,2.0,A,1.0,1.0,D,M Oliver,8.0,14.0,5.0,7.0,16.0,10.0,2.0,8.0,4.0,2.0,0.0,0.0
E0,13/12/17,Swansea,Man City,0.0,4.0,A,0.0,2.0,A,A Taylor,7.0,23.0,3.0,10.0,12.0,6.0,2.0,5.0,0.0,0.0,0.0,0.0
E0,27/12/17,Newcastle,Man City,0.0,1.0,A,0.0,1.0,A,A Marriner,6.0,22.0,2.0,6.0,11.0,6.0,3.0,8.0,1.0,0.0,0.0,0.0
E0,31/12/17,Crystal Palace,Man City,0.0,0.0,D,0.0,0.0,D,J Moss,10.0,15.0,1.0,4.0,14.0,11.0,7.0,8.0,5.0,4.0,0.0,0.0
E0,14/01/18,Liverpool,Man City,4.0,3.0,H,1.0,1.0,D,A Marriner,16.0,11.0,7.0,4.0,10.0,7.0,5.0,6.0,2.0,3.0,0.0,0.0
E0,03/02/18,Burnley,Man City,1.0,1.0,D,0.0,1.0,A,M Atkinson,8.0,20.0,3.0,7.0,9.0,6.0,3.0,13.0,4.0,1.0,0.0,0.0
E0,01/03/18,Arsenal,Man City,0.0,3.0,A,0.0,3.0,A,A Marriner,10.0,9.0,5.0,5.0,11.0,11.0,6.0,1.0,1.0,1.0,0.0,0.0
E0,12/03/18,Stoke,Man City,0.0,2.0,A,0.0,1.0,A,J Moss,3.0,17.0,0.0,6.0,6.0,8.0,3.0,10.0,1.0,0.0,0.0,0.0
E0,31/03/18,Everton,Man City,1.0,3.0,A,0.0,3.0,A,P Tierney,6.0,18.0,2.0,4.0,10.0,8.0,2.0,11.0,0.0,0.0,0.0,0.0
E0,14/04/18,Tottenham,Man City,1.0,3.0,A,1.0,2.0,A,J Moss,8.0,17.0,3.0,6.0,11.0,12.0,5.0,7.0,3.0,4.0,0.0,0.0
E0,29/04/18,West Ham,Man City,1.0,4.0,A,1.0,2.0,A,N Swarbrick,4.0,19.0,1.0,7.0,5.0,11.0,0.0,7.0,0.0,1.0,0.0,0.0
E0,13/05/18,Southampton,Man City,0.0,1.0,A,0.0,0.0,D,A Marriner,8.0,13.0,3.0,2.0,8.0,10.0,1.0,12.0,3.0,1.0,0.0,0.0
E0,19/08/2018,Man City,Huddersfield,6.0,1.0,H,3.0,1.0,H,A Marriner,32.0,5.0,14.0,1.0,9.0,4.0,10.0,3.0,0.0,2.0,0.0,0.0
E0,01/09/2018,Man City,Newcastle,2.0,1.0,H,1.0,1.0,D,K Friend,24.0,3.0,8.0,2.0,5.0,13.0,4.0,0.0,0.0,0.0,0.0,0.0
E0,15/09/2018,Man City,Fulham,3.0,0.0,H,2.0,0.0,H,S Attwell,28.0,9.0,9.0,3.0,7.0,7.0,10.0,4.0,0.0,0.0,0.0,0.0
E0,29/09/2018,Man City,Brighton,2.0,0.0,H,1.0,0.0,H,L Mason,28.0,4.0,8.0,1.0,4.0,10.0,10.0,3.0,0.0,3.0,0.0,0.0
E0,20/10/2018,Man City,Burnley,5.0,0.0,H,1.0,0.0,H,J Moss,24.0,5.0,10.0,0.0,11.0,5.0,10.0,1.0,2.0,2.0,0.0,0.0
E0,04/11/2018,Man City,Southampton,6.0,1.0,H,4.0,1.0,H,L Mason,18.0,12.0,8.0,6.0,14.0,9.0,4.0,4.0,1.0,1.0,0.0,0.0
E0,11/11/2018,Man City,Man United,3.0,1.0,H,1.0,0.0,H,A Taylor,17.0,6.0,5.0,1.0,12.0,12.0,5.0,1.0,1.0,1.0,0.0,0.0
E0,01/12/2018,Man City,Bournemouth,3.0,1.0,H,1.0,1.0,D,S Attwell,16.0,4.0,6.0,1.0,9.0,3.0,8.0,4.0,0.0,0.0,0.0,0.0
E0,15/12/2018,Man City,Everton,3.0,1.0,H,1.0,0.0,H,C Pawson,13.0,9.0,5.0,2.0,7.0,9.0,6.0,2.0,1.0,2.0,0.0,0.0
E0,22/12/2018,Man City,Crystal Palace,2.0,3.0,A,1.0,2.0,A,A Marriner,19.0,5.0,5.0,3.0,7.0,6.0,13.0,0.0,0.0,4.0,0.0,0.0
E0,03/01/2019,Man City,Liverpool,2.0,1.0,H,1.0,0.0,H,A Taylor,9.0,7.0,4.0,5.0,12.0,7.0,2.0,1.0,4.0,2.0,0.0,0.0
E0,14/01/2019,Man City,Wolves,3.0,0.0,H,2.0,0.0,H,C Pawson,24.0,3.0,9.0,0.0,6.0,3.0,12.0,1.0,1.0,0.0,0.0,1.0
E0,03/02/2019,Man City,Arsenal,3.0,1.0,H,2.0,1.0,H,M Atkinson,19.0,4.0,12.0,2.0,11.0,8.0,4.0,2.0,1.0,1.0,0.0,0.0
E0,10/02/2019,Man City,Chelsea,6.0,0.0,H,4.0,0.0,H,M Dean,15.0,12.0,9.0,4.0,9.0,13.0,2.0,2.0,1.0,2.0,0.0,0.0
E0,27/02/2019,Man City,West Ham,1.0,0.0,H,0.0,0.0,D,S Attwell,20.0,2.0,7.0,1.0,2.0,6.0,12.0,2.0,0.0,2.0,0.0,0.0
E0,09/03/2019,Man City,Watford,3.0,1.0,H,0.0,0.0,D,P Tierney,19.0,2.0,9.0,1.0,11.0,7.0,9.0,1.0,1.0,1.0,0.0,0.0
E0,03/04/2019,Man City,Cardiff,2.0,0.0,H,2.0,0.0,H,J Moss,27.0,4.0,11.0,1.0,3.0,17.0,7.0,4.0,0.0,3.0,0.0,0.0
E0,20/04/2019,Man City,Tottenham,1.0,0.0,H,1.0,0.0,H,M Oliver,15.0,10.0,4.0,4.0,11.0,11.0,4.0,4.0,1.0,2.0,0.0,0.0
E0,06/05/2019,Man City,Leicester,1.0,0.0,H,0.0,0.0,D,M Dean,19.0,7.0,5.0,2.0,12.0,5.0,11.0,0.0,3.0,2.0,0.0,0.0
E0,12/08/2018,Arsenal,Man City,0.0,2.0,A,0.0,1.0,A,M Oliver,9.0,17.0,3.0,8.0,11.0,14.0,2.0,9.0,2.0,2.0,0.0,0.0
E0,25/08/2018,Wolves,Man City,1.0,1.0,D,0.0,0.0,D,M Atkinson,11.0,18.0,2.0,6.0,13.0,8.0,5.0,9.0,1.0,2.0,0.0,0.0
E0,22/09/2018,Cardiff,Man City,0.0,5.0,A,0.0,3.0,A,M Oliver,2.0,21.0,2.0,10.0,6.0,4.0,1.0,9.0,1.0,1.0,0.0,0.0
E0,07/10/2018,Liverpool,Man City,0.0,0.0,D,0.0,0.0,D,M Atkinson,7.0,6.0,2.0,2.0,10.0,10.0,2.0,6.0,1.0,3.0,0.0,0.0
E0,29/10/2018,Tottenham,Man City,0.0,1.0,A,0.0,1.0,A,K Friend,4.0,13.0,1.0,6.0,13.0,13.0,3.0,6.0,2.0,2.0,0.0,0.0
E0,24/11/2018,West Ham,Man City,0.0,4.0,A,0.0,3.0,A,A Marriner,9.0,9.0,1.0,6.0,6.0,3.0,8.0,1.0,0.0,0.0,0.0,0.0
E0,04/12/2018,Watford,Man City,1.0,2.0,A,0.0,1.0,A,P Tierney,11.0,15.0,7.0,7.0,4.0,8.0,3.0,11.0,0.0,1.0,0.0,0.0
E0,08/12/2018,Chelsea,Man City,2.0,0.0,H,1.0,0.0,H,M Oliver,8.0,14.0,5.0,4.0,12.0,11.0,1.0,13.0,2.0,0.0,0.0,0.0
E0,26/12/2018,Leicester,Man City,2.0,1.0,H,1.0,1.0,D,M Dean,10.0,11.0,5.0,4.0,5.0,8.0,3.0,7.0,2.0,2.0,0.0,1.0
E0,30/12/2018,Southampton,Man City,1.0,3.0,A,1.0,3.0,A,P Tierney,5.0,14.0,4.0,6.0,11.0,10.0,3.0,8.0,2.0,3.0,1.0,0.0
E0,20/01/2019,Huddersfield,Man City,0.0,3.0,A,0.0,1.0,A,A Marriner,5.0,12.0,2.0,4.0,10.0,9.0,1.0,4.0,2.0,2.0,0.0,0.0
E0,29/01/2019,Newcastle,Man City,2.0,1.0,H,0.0,1.0,A,P Tierney,6.0,12.0,2.0,4.0,9.0,7.0,1.0,8.0,2.0,3.0,0.0,0.0
E0,06/02/2019,Everton,Man City,0.0,2.0,A,0.0,1.0,A,C Pawson,4.0,15.0,1.0,4.0,12.0,6.0,5.0,6.0,1.0,1.0,0.0,0.0
E0,02/03/2019,Bournemouth,Man City,0.0,1.0,A,0.0,0.0,D,K Friend,0.0,23.0,0.0,7.0,7.0,7.0,0.0,14.0,1.0,2.0,0.0,0.0
E0,30/03/2019,Fulham,Man City,0.0,2.0,A,0.0,2.0,A,K Friend,5.0,24.0,0.0,7.0,4.0,12.0,0.0,11.0,2.0,0.0,0.0,0.0
E0,14/04/2019,Crystal Palace,Man City,1.0,3.0,A,0.0,1.0,A,M Atkinson,7.0,20.0,3.0,6.0,5.0,11.0,2.0,9.0,0.0,0.0,0.0,0.0
E0,24/04/2019,Man United,Man City,0.0,2.0,A,0.0,0.0,D,A Marriner,12.0,8.0,1.0,5.0,10.0,10.0,1.0,1.0,2.0,2.0,0.0,0.0
E0,28/04/2019,Burnley,Man City,0.0,1.0,A,0.0,0.0,D,P Tierney,2.0,25.0,0.0,7.0,5.0,7.0,0.0,6.0,1.0,1.0,0.0,0.0
E0,12/05/2019,Brighton,Man City,1.0,4.0,A,1.0,2.0,A,M Oliver,6.0,20.0,2.0,9.0,12.0,8.0,2.0,6.0,0.0,0.0,0.0,0.0
E0,17/08/2019,Man City,Tottenham,2.0,2.0,D,2.0,1.0,H,M Oliver,30.0,3.0,10.0,2.0,14.0,4.0,13.0,2.0,1.0,0.0,0.0,0.0
E0,31/08/2019,Man City,Brighton,4.0,0.0,H,2.0,0.0,H,J Moss,15.0,6.0,6.0,2.0,10.0,6.0,8.0,1.0,1.0,1.0,0.0,0.0
E0,21/09/2019,Man City,Watford,8.0,0.0,H,5.0,0.0,H,M Dean,28.0,5.0,11.0,4.0,5.0,9.0,5.0,4.0,2.0,2.0,0.0,0.0
E0,06/10/2019,Man City,Wolves,0.0,2.0,A,0.0,0.0,D,C Pawson,18.0,7.0,2.0,2.0,11.0,14.0,9.0,1.0,5.0,2.0,0.0,0.0
E0,26/10/2019,Man City,Aston Villa,3.0,0.0,H,0.0,0.0,D,G Scott,25.0,11.0,9.0,5.0,10.0,5.0,13.0,7.0,1.0,1.0,1.0,0.0
E0,02/11/2019,Man City,Southampton,2.0,1.0,H,0.0,1.0,A,L Mason,26.0,3.0,4.0,3.0,11.0,10.0,17.0,0.0,3.0,1.0,0.0,0.0
E0,23/11/2019,Man City,Chelsea,2.0,1.0,H,2.0,1.0,H,M Atkinson,15.0,11.0,4.0,2.0,5.0,9.0,8.0,2.0,1.0,1.0,0.0,0.0
E0,07/12/2019,Man City,Man United,1.0,2.0,A,0.0,2.0,A,A Taylor,22.0,11.0,5.0,7.0,10.0,10.0,16.0,3.0,3.0,2.0,0.0,0.0
E0,21/12/2019,Man City,Leicester,3.0,1.0,H,2.0,1.0,H,M Dean,23.0,5.0,12.0,2.0,14.0,9.0,6.0,1.0,2.0,2.0,0.0,0.0
E0,29/12/2019,Man City,Sheffield United,2.0,0.0,H,0.0,0.0,D,C Kavanagh,16.0,8.0,4.0,0.0,5.0,6.0,8.0,5.0,1.0,1.0,0.0,0.0
E0,01/01/2020,Man City,Everton,2.0,1.0,H,0.0,0.0,D,A Marriner,16.0,7.0,7.0,2.0,11.0,11.0,3.0,6.0,0.0,4.0,0.0,0.0
E0,18/01/2020,Man City,Crystal Palace,2.0,2.0,D,0.0,1.0,A,S Scott,25.0,5.0,6.0,3.0,9.0,7.0,14.0,2.0,1.0,2.0,0.0,0.0
E0,19/02/2020,Man City,West Ham,2.0,0.0,H,1.0,0.0,H,K Friend,20.0,3.0,7.0,0.0,5.0,7.0,6.0,1.0,0.0,1.0,0.0,0.0
E0,17/06/2020,Man City,Arsenal,3.0,0.0,H,1.0,0.0,H,A Taylor,20.0,3.0,12.0,0.0,9.0,7.0,5.0,2.0,1.0,1.0,0.0,1.0
E0,22/06/2020,Man City,Burnley,5.0,0.0,H,3.0,0.0,H,A Marriner,19.0,1.0,7.0,0.0,8.0,7.0,3.0,1.0,1.0,1.0,0.0,0.0
E0,02/07/2020,Man City,Liverpool,4.0,0.0,H,3.0,0.0,H,A Taylor,14.0,11.0,6.0,3.0,8.0,7.0,3.0,3.0,2.0,2.0,0.0,0.0
E0,08/07/2020,Man City,Newcastle,5.0,0.0,H,2.0,0.0,H,A Madley,23.0,6.0,9.0,1.0,12.0,7.0,8.0,1.0,0.0,0.0,0.0,0.0
E0,15/07/2020,Man City,Bournemouth,2.0,1.0,H,2.0,0.0,H,L Mason,8.0,15.0,4.0,3.0,10.0,10.0,3.0,5.0,1.0,1.0,0.0,0.0
E0,26/07/2020,Man City,Norwich,5.0,0.0,H,2.0,0.0,H,C Pawson,31.0,5.0,10.0,4.0,7.0,4.0,9.0,0.0,1.0,1.0,0.0,0.0
E0,10/08/2019,West Ham,Man City,0.0,5.0,A,0.0,1.0,A,M Dean,5.0,14.0,3.0,9.0,6.0,13.0,1.0,1.0,2.0,2.0,0.0,0.0
E0,25/08/2019,Bournemouth,Man City,1.0,3.0,A,1.0,2.0,A,A Marriner,10.0,19.0,7.0,5.0,7.0,13.0,4.0,5.0,1.0,3.0,0.0,0.0
E0,14/09/2019,Norwich,Man City,3.0,2.0,H,2.0,1.0,H,K Friend,7.0,25.0,3.0,8.0,8.0,7.0,3.0,16.0,3.0,1.0,0.0,0.0
E0,28/09/2019,Everton,Man City,1.0,3.0,A,1.0,1.0,D,M Oliver,12.0,20.0,8.0,9.0,4.0,8.0,5.0,2.0,2.0,2.0,0.0,0.0
E0,19/10/2019,Crystal Palace,Man City,0.0,2.0,A,0.0,2.0,A,A Taylor,7.0,21.0,2.0,10.0,8.0,10.0,1.0,8.0,1.0,1.0,0.0,0.0
E0,10/11/2019,Liverpool,Man City,3.0,1.0,H,2.0,0.0,H,M Oliver,12.0,18.0,5.0,3.0,10.0,5.0,4.0,13.0,0.0,2.0,0.0,0.0
E0,30/11/2019,Newcastle,Man City,2.0,2.0,D,1.0,1.0,D,C Kavanagh,6.0,24.0,3.0,9.0,4.0,6.0,1.0,10.0,1.0,2.0,0.0,0.0
E0,03/12/2019,Burnley,Man City,1.0,4.0,A,0.0,1.0,A,J Moss,4.0,17.0,2.0,8.0,9.0,6.0,3.0,6.0,1.0,1.0,0.0,0.0
E0,15/12/2019,Arsenal,Man City,0.0,3.0,A,0.0,3.0,A,P Tierney,6.0,14.0,1.0,7.0,9.0,24.0,3.0,3.0,1.0,4.0,0.0,0.0
E0,27/12/2019,Wolves,Man City,3.0,2.0,H,0.0,1.0,A,M Atkinson,20.0,7.0,8.0,3.0,7.0,13.0,3.0,1.0,0.0,1.0,0.0,1.0
E0,12/01/2020,Aston Villa,Man City,1.0,6.0,A,0.0,4.0,A,J Moss,7.0,22.0,1.0,12.0,5.0,12.0,2.0,4.0,2.0,1.0,0.0,0.0
E0,21/01/2020,Sheffield United,Man City,0.0,1.0,A,0.0,0.0,D,L Mason,4.0,18.0,1.0,5.0,13.0,13.0,5.0,13.0,4.0,3.0,0.0,0.0
E0,02/02/2020,Tottenham,Man City,2.0,0.0,H,0.0,0.0,D,M Dean,3.0,18.0,3.0,5.0,8.0,14.0,2.0,6.0,2.0,3.0,0.0,1.0
E0,22/02/2020,Leicester,Man City,0.0,1.0,A,0.0,0.0,D,P Tierney,10.0,18.0,3.0,7.0,14.0,10.0,3.0,7.0,0.0,0.0,0.0,0.0
E0,08/03/2020,Man United,Man City,2.0,0.0,H,1.0,0.0,H,M Dean,12.0,7.0,6.0,2.0,11.0,9.0,2.0,11.0,2.0,4.0,0.0,0.0
E0,25/06/2020,Chelsea,Man City,2.0,1.0,H,1.0,0.0,H,S Attwell,15.0,11.0,10.0,2.0,13.0,3.0,5.0,7.0,1.0,1.0,0.0,1.0
E0,05/07/2020,Southampton,Man City,1.0,0.0,H,1.0,0.0,H,A Marriner,8.0,26.0,4.0,6.0,6.0,7.0,2.0,13.0,1.0,2.0,0.0,0.0
E0,11/07/2020,Brighton,Man City,0.0,5.0,A,0.0,2.0,A,G Scott,3.0,26.0,0.0,8.0,7.0,3.0,2.0,7.0,1.0,0.0,0.0,0.0
E0,21/07/2020,Watford,Man City,0.0,4.0,A,0.0,2.0,A,M Oliver,2.0,26.0,0.0,10.0,14.0,11.0,0.0,8.0,2.0,0.0,0.0,0.0
E0,27/09/2020,Man City,Leicester,2.0,5.0,A,1.0,1.0,D,M Oliver,16.0,7.0,5.0,7.0,13.0,8.0,3.0,4.0,1.0,3.0,0.0,0.0
E0,17/10/2020,Man City,Arsenal,1.0,0.0,H,1.0,0.0,H,C Kavanagh,13.0,11.0,5.0,3.0,15.0,10.0,6.0,6.0,4.0,1.0,0.0,0.0
E0,08/11/2020,Man City,Liverpool,1.0,1.0,D,1.0,1.0,D,C Pawson,7.0,10.0,2.0,3.0,19.0,11.0,1.0,2.0,3.0,1.0,0.0,0.0
E0,28/11/2020,Man City,Burnley,5.0,0.0,H,3.0,0.0,H,L Mason,19.0,9.0,6.0,1.0,12.0,4.0,6.0,4.0,0.0,0.0,0.0,0.0
E0,05/12/2020,Man City,Fulham,2.0,0.0,H,2.0,0.0,H,J Moss,16.0,6.0,6.0,1.0,7.0,6.0,9.0,3.0,0.0,0.0,0.0,0.0
E0,15/12/2020,Man City,West Brom,1.0,1.0,D,1.0,1.0,D,P Bankes,26.0,5.0,7.0,1.0,5.0,8.0,13.0,2.0,2.0,3.0,0.0,0.0
E0,26/12/2020,Man City,Newcastle,2.0,0.0,H,1.0,0.0,H,A Marriner,11.0,7.0,6.0,2.0,5.0,12.0,7.0,3.0,2.0,2.0,0.0,0.0
E0,13/01/2021,Man City,Brighton,1.0,0.0,H,1.0,0.0,H,D England,16.0,5.0,6.0,1.0,4.0,12.0,8.0,4.0,0.0,2.0,0.0,0.0
E0,17/01/2021,Man City,Crystal Palace,4.0,0.0,H,1.0,0.0,H,L Mason,13.0,2.0,6.0,0.0,9.0,8.0,11.0,1.0,0.0,0.0,0.0,0.0
E0,20/01/2021,Man City,Aston Villa,2.0,0.0,H,0.0,0.0,D,J Moss,28.0,11.0,9.0,4.0,10.0,9.0,16.0,2.0,0.0,2.0,0.0,0.0
E0,30/01/2021,Man City,Sheffield United,1.0,0.0,H,1.0,0.0,H,D Coote,10.0,4.0,5.0,1.0,7.0,10.0,10.0,0.0,0.0,3.0,0.0,0.0
E0,13/02/2021,Man City,Tottenham,3.0,0.0,H,1.0,0.0,H,P Tierney,15.0,7.0,6.0,3.0,12.0,13.0,4.0,2.0,1.0,3.0,0.0,0.0
E0,27/02/2021,Man City,West Ham,2.0,1.0,H,1.0,1.0,D,M Oliver,10.0,9.0,3.0,3.0,8.0,11.0,4.0,2.0,1.0,1.0,0.0,0.0
E0,02/03/2021,Man City,Wolves,4.0,1.0,H,1.0,0.0,H,C Kavanagh,22.0,6.0,10.0,1.0,9.0,5.0,10.0,2.0,0.0,1.0,0.0,0.0
E0,07/03/2021,Man City,Man United,0.0,2.0,A,0.0,1.0,A,A Taylor,23.0,8.0,6.0,6.0,9.0,12.0,6.0,2.0,0.0,3.0,0.0,0.0
E0,10/03/2021,Man City,Southampton,5.0,2.0,H,3.0,1.0,H,J Moss,17.0,11.0,10.0,6.0,6.0,4.0,5.0,5.0,1.0,0.0,0.0,0.0
E0,10/04/2021,Man City,Leeds,1.0,2.0,A,0.0,1.0,A,A Marriner,29.0,2.0,7.0,2.0,12.0,15.0,9.0,3.0,3.0,1.0,0.0,1.0
E0,08/05/2021,Man City,Chelsea,1.0,2.0,A,1.0,0.0,H,A Taylor,16.0,12.0,4.0,5.0,12.0,10.0,6.0,2.0,2.0,0.0,0.0,0.0
E0,23/05/2021,Man City,Everton,5.0,0.0,H,2.0,0.0,H,M Oliver,21.0,8.0,11.0,3.0,8.0,10.0,7.0,5.0,2.0,2.0,0.0,0.0
E0,21/09/2020,Wolves,Man City,1.0,3.0,A,0.0,2.0,A,A Marriner,10.0,14.0,1.0,9.0,6.0,8.0,4.0,6.0,0.0,3.0,0.0,0.0
E0,03/10/2020,Leeds,Man City,1.0,1.0,D,0.0,1.0,A,M Dean,12.0,23.0,7.0,2.0,11.0,12.0,7.0,10.0,2.0,1.0,0.0,0.0
E0,24/10/2020,West Ham,Man City,1.0,1.0,D,1.0,0.0,H,A Taylor,6.0,14.0,2.0,7.0,14.0,6.0,2.0,10.0,2.0,0.0,0.0,0.0
E0,31/10/2020,Sheffield United,Man City,0.0,1.0,A,0.0,1.0,A,M Oliver,5.0,16.0,1.0,8.0,14.0,6.0,2.0,5.0,0.0,0.0,0.0,0.0
E0,21/11/2020,Tottenham,Man City,2.0,0.0,H,1.0,0.0,H,M Dean,4.0,22.0,2.0,5.0,13.0,19.0,0.0,10.0,2.0,2.0,0.0,0.0
E0,12/12/2020,Man United,Man City,0.0,0.0,D,0.0,0.0,D,C Kavanagh,11.0,9.0,2.0,2.0,13.0,6.0,4.0,3.0,1.0,1.0,0.0,0.0
E0,19/12/2020,Southampton,Man City,0.0,1.0,A,0.0,1.0,A,M Dean,9.0,11.0,3.0,5.0,9.0,11.0,6.0,6.0,2.0,2.0,0.0,0.0
E0,03/01/2021,Chelsea,Man City,1.0,3.0,A,0.0,3.0,A,A Taylor,9.0,18.0,2.0,6.0,11.0,10.0,5.0,3.0,3.0,1.0,0.0,0.0
E0,26/01/2021,West Brom,Man City,0.0,5.0,A,0.0,4.0,A,C Kavanagh,4.0,18.0,1.0,7.0,8.0,8.0,3.0,8.0,2.0,0.0,0.0,0.0
E0,03/02/2021,Burnley,Man City,0.0,2.0,A,0.0,2.0,A,M Atkinson,2.0,17.0,0.0,6.0,8.0,5.0,1.0,3.0,2.0,1.0,0.0,0.0
E0,07/02/2021,Liverpool,Man City,1.0,4.0,A,0.0,0.0,D,M Oliver,8.0,8.0,3.0,5.0,13.0,8.0,6.0,1.0,2.0,1.0,0.0,0.0
E0,17/02/2021,Everton,Man City,1.0,3.0,A,1.0,1.0,D,A Marriner,3.0,16.0,2.0,7.0,8.0,8.0,0.0,10.0,2.0,1.0,0.0,0.0
E0,21/02/2021,Arsenal,Man City,0.0,1.0,A,0.0,1.0,A,J Moss,7.0,15.0,1.0,3.0,11.0,9.0,1.0,3.0,2.0,2.0,0.0,0.0
E0,13/03/2021,Fulham,Man City,0.0,3.0,A,0.0,0.0,D,A Marriner,3.0,8.0,0.0,7.0,14.0,13.0,4.0,2.0,0.0,0.0,0.0,0.0
E0,03/04/2021,Leicester,Man City,0.0,2.0,A,0.0,0.0,D,A Taylor,5.0,11.0,2.0,4.0,13.0,12.0,1.0,1.0,2.0,3.0,0.0,0.0
E0,21/04/2021,Aston Villa,Man City,1.0,2.0,A,1.0,2.0,A,P Bankes,8.0,13.0,3.0,3.0,12.0,7.0,1.0,11.0,0.0,1.0,1.0,1.0
E0,01/05/2021,Crystal Palace,Man City,0.0,2.0,A,0.0,0.0,D,D Coote,9.0,20.0,4.0,3.0,9.0,10.0,2.0,6.0,2.0,0.0,0.0,0.0
E0,14/05/2021,Newcastle,Man City,3.0,4.0,A,2.0,2.0,D,K Friend,11.0,15.0,5.0,6.0,11.0,10.0,4.0,5.0,2.0,2.0,0.0,0.0
E0,18/05/2021,Brighton,Man City,3.0,2.0,H,0.0,1.0,A,S Attwell,19.0,8.0,6.0,4.0,13.0,11.0,5.0,3.0,3.0,3.0,0.0,1.0
